,Nome Fantasia,Razao Social,CNPJ,Agencia Vinculada,Email,Endereco,Atividade
0,"
                                        A CHAVE DA SORTE
                                    ", SOBRADINHO LOTECA LTDA, 00.605.717/0001-67, 972, sobradinholoteka@gmail.com,"Q CENTRAL BL 09 LJ 12 CENTRO,  - SOBRADINHO
                                        73010-519. BRASILIA - DF
                                        (61) 35911011","Atividades Exercidas- APOSTAS EM LOTERIAS FEDERAIS- BENEFICIOS SOCIAIS, PAGAMENTO DE BOLSA FAMILIA, FGTS, INSS, SEGURO DESEMPREGO E ABONO  - CARTAO DE CREDITO CAIXA - CONTA CORRENTE E POUPANCA (PF E PJ)- CONTA POUPANCA CAIXA FACIL- EMPRESTIMOS (CONSIGNADO/CDC/CHEQUE ESPECIAL/GIRO CAIXA/CREDITO REAL FACIL)- PIX SAQUE/PIX TROCO- RECARGA CELULAR - RECEBIMENTO DE BOLETOS, CONTAS (AGUA, LUZ, TELEFONE E GAS), TRIBUTOS MUNICIPAIS, ESTADUAIS E FEDERAIS- SAQUE/DEPOSITO/TRANSFERENCIAS DE CLIENTES CAIXA, SAQUE DE CONTAS BNB"
1,"
                                        ALVORADA LOTERICA
                                    ", SACI LOTO REVISTA LTDA-ME, 00.326.264/0001-30, 4462, alvoradaloterica15319@gmail.com,"QNE 17 LT 20 LJ, 03 - SETOR NORTE
                                        72125-170. BRASILIA - DF
                                        (61) 33546820","Atividades Exercidas- APOSTAS EM LOTERIAS FEDERAIS- BENEFICIOS SOCIAIS, PAGAMENTO DE BOLSA FAMILIA, FGTS, INSS, SEGURO DESEMPREGO E ABONO  - CARTAO DE CREDITO CAIXA - CONTA CORRENTE E POUPANCA (PF E PJ)- CONTA POUPANCA CAIXA FACIL- EMPRESTIMOS (CONSIGNADO/CDC/CHEQUE ESPECIAL/GIRO CAIXA/CREDITO REAL FACIL)- PIX SAQUE/PIX TROCO- RECARGA CELULAR - RECEBIMENTO DE BOLETOS, CONTAS (AGUA, LUZ, TELEFONE E GAS), TRIBUTOS MUNICIPAIS, ESTADUAIS E FEDERAIS- SAQUE/DEPOSITO/TRANSFERENCIAS DE CLIENTES CAIXA, SAQUE DE CONTAS BNB"
2,"
                                        BORGES E CIA
                                    ", BORGES E CIA LTDA, 00.620.249/0001-08, 1041, lotteria403sul@gmail.com,"SHCS EQ 402/403 BLOCO A LOJA, 180 - ASA SUL
                                        70236-400. BRASILIA - DF
                                        (61) 32251252","Atividades Exercidas- APOSTAS EM LOTERIAS FEDERAIS- BENEFICIOS SOCIAIS, PAGAMENTO DE BOLSA FAMILIA, FGTS, INSS, SEGURO DESEMPREGO E ABONO  - CONTA POUPANCA CAIXA FACIL- PIX SAQUE/PIX TROCO- RECARGA CELULAR - RECEBIMENTO DE BOLETOS, CONTAS (AGUA, LUZ, TELEFONE E GAS), TRIBUTOS MUNICIPAIS, ESTADUAIS E FEDERAIS- SAQUE/DEPOSITO/TRANSFERENCIAS DE CLIENTES CAIXA, SAQUE DE CONTAS BNB- SEGUROS DE VIDA E RESIDENCIAL, CAPITALIZACAO E CONSORCIO (VEICULOS/IMOVEIS)"
3,"
                                        CASA LOT OLIMPICA
                                    ", CASA LOTERICA OLIMPICA LTDA, 00.610.022/0001-73, 2272, olimpica.torres@gmail.com,"EQNP 13/17 BL D LJ 02  P NORTE, LJ 02 - SETOR P NORTE
                                        72231-421. BRASILIA - DF
                                        (61) 33744010","Atividades Exercidas- APOSTAS EM LOTERIAS FEDERAIS- BENEFICIOS SOCIAIS, PAGAMENTO DE BOLSA FAMILIA, FGTS, INSS, SEGURO DESEMPREGO E ABONO  - CARTAO DE CREDITO CAIXA - CONTA CORRENTE E POUPANCA (PF E PJ)- CONTA POUPANCA CAIXA FACIL- EMPRESTIMOS (CONSIGNADO/CDC/CHEQUE ESPECIAL/GIRO CAIXA/CREDITO REAL FACIL)- PIX SAQUE/PIX TROCO- RECARGA CELULAR - RECEBIMENTO DE BOLETOS, CONTAS (AGUA, LUZ, TELEFONE E GAS), TRIBUTOS MUNICIPAIS, ESTADUAIS E FEDERAIS- SAQUE/DEPOSITO/TRANSFERENCIAS DE CLIENTES CAIXA, SAQUE DE CONTAS BNB"
4,"
                                        CASA LOTERICA ASA SUL
                                    ", CASA LOTERICA ASA SUL LTDA, 00.109.595/0001-18, 6, loterias.sonhofeliz@gmail.com,"Q EQS 502/503 LT PARA SERVIDOR PUBLICO, SN - ASA SUL
                                        70330-550. BRASILIA - DF
                                        (61) 32253476","Atividades Exercidas- APOSTAS EM LOTERIAS FEDERAIS- BENEFICIOS SOCIAIS, PAGAMENTO DE BOLSA FAMILIA, FGTS, INSS, SEGURO DESEMPREGO E ABONO  - CARTAO DE CREDITO CAIXA - CONTA CORRENTE E POUPANCA (PF E PJ)- CONTA POUPANCA CAIXA FACIL- EMPRESTIMOS (CONSIGNADO/CDC/CHEQUE ESPECIAL/GIRO CAIXA/CREDITO REAL FACIL)- PIX SAQUE/PIX TROCO- RECARGA CELULAR - RECEBIMENTO DE BOLETOS, CONTAS (AGUA, LUZ, TELEFONE E GAS), TRIBUTOS MUNICIPAIS, ESTADUAIS E FEDERAIS- SAQUE/DEPOSITO/TRANSFERENCIAS DE CLIENTES CAIXA, SAQUE DE CONTAS BNB"
5,"
                                        CRISTAL LOTERICA
                                    ", CRISTAL LOTERICA LTDA, 00.446.914/0001-80, 973, cristal_loterica@yahoo.com.br,"Q-03 CJ-G LJ-40,  - PLANALTINA DF
                                        73350-307. BRASILIA - DF
                                        (61) 33891206","Atividades Exercidas- APOSTAS EM LOTERIAS FEDERAIS- BENEFICIOS SOCIAIS, PAGAMENTO DE BOLSA FAMILIA, FGTS, INSS, SEGURO DESEMPREGO E ABONO  - CARTAO DE CREDITO CAIXA - CONTA CORRENTE E POUPANCA (PF E PJ)- CONTA POUPANCA CAIXA FACIL- EMPRESTIMOS (CONSIGNADO/CDC/CHEQUE ESPECIAL/GIRO CAIXA/CREDITO REAL FACIL)- PIX SAQUE/PIX TROCO- RECARGA CELULAR - RECEBIMENTO DE BOLETOS, CONTAS (AGUA, LUZ, TELEFONE E GAS), TRIBUTOS MUNICIPAIS, ESTADUAIS E FEDERAIS- SAQUE/DEPOSITO/TRANSFERENCIAS DE CLIENTES CAIXA, SAQUE DE CONTAS BNB"
6,"
                                        LOTERIA PONTO TREZE
                                    ", LOTERIA PONTO TREZE LTDA, 00.498.634/0001-16, 6, loteriapontotreze.bsb@gmail.com,"SHCS CL QD 407 BL B LJ, 06 - ASA SUL
                                        70030-000. BRASILIA - DF
                                        (61) 34438710","Atividades Exercidas- APOSTAS EM LOTERIAS FEDERAIS- BENEFICIOS SOCIAIS, PAGAMENTO DE BOLSA FAMILIA, FGTS, INSS, SEGURO DESEMPREGO E ABONO  - CONTA POUPANCA CAIXA FACIL- PIX SAQUE/PIX TROCO- RECARGA CELULAR - RECEBIMENTO DE BOLETOS, CONTAS (AGUA, LUZ, TELEFONE E GAS), TRIBUTOS MUNICIPAIS, ESTADUAIS E FEDERAIS- SAQUE/DEPOSITO/TRANSFERENCIAS DE CLIENTES CAIXA, SAQUE DE CONTAS BNB- SEGUROS DE VIDA E RESIDENCIAL, CAPITALIZACAO E CONSORCIO (VEICULOS/IMOVEIS)"
7,"
                                        LOTERIAS AEROPORTO
                                    ", LOTERIA AEROPORTO LTDA, 00.651.497/0001-08, 674, syromano@gmail.com,"AEROPORTO INTERNACIONAL DE BRASILIA, S/N - BRASILIA
                                        73092-901. BRASILIA - DF
                                        (61) 33651049","Atividades Exercidas- APOSTAS EM LOTERIAS FEDERAIS- BENEFICIOS SOCIAIS, PAGAMENTO DE BOLSA FAMILIA, FGTS, INSS, SEGURO DESEMPREGO E ABONO  - CARTAO DE CREDITO CAIXA - CONTA CORRENTE E POUPANCA (PF E PJ)- CONTA POUPANCA CAIXA FACIL- EMPRESTIMOS (CONSIGNADO/CDC/CHEQUE ESPECIAL/GIRO CAIXA/CREDITO REAL FACIL)- PIX SAQUE/PIX TROCO- RECARGA CELULAR - RECEBIMENTO DE BOLETOS, CONTAS (AGUA, LUZ, TELEFONE E GAS), TRIBUTOS MUNICIPAIS, ESTADUAIS E FEDERAIS- SAQUE/DEPOSITO/TRANSFERENCIAS DE CLIENTES CAIXA, SAQUE DE CONTAS BNB"
8,"
                                        LOTERICA DIAS MELHORES
                                    ", CASA LOTERICA SOUSA LTDA, 00.537.379/0001-73, 4166, lotericadiasmelhores@hotmail.com,"CNN 01 BL E LJ, 03 - CEILANDIA CENTRO
                                        72225-500. BRASILIA - DF
                                        (61) 982194023","Atividades Exercidas- APOSTAS EM LOTERIAS FEDERAIS- BENEFICIOS SOCIAIS, PAGAMENTO DE BOLSA FAMILIA, FGTS, INSS, SEGURO DESEMPREGO E ABONO  - CONTA POUPANCA CAIXA FACIL- PIX SAQUE/PIX TROCO- RECARGA CELULAR - RECEBIMENTO DE BOLETOS, CONTAS (AGUA, LUZ, TELEFONE E GAS), TRIBUTOS MUNICIPAIS, ESTADUAIS E FEDERAIS- SAQUE/DEPOSITO/TRANSFERENCIAS DE CLIENTES CAIXA, SAQUE DE CONTAS BNB- SEGUROS DE VIDA E RESIDENCIAL, CAPITALIZACAO E CONSORCIO (VEICULOS/IMOVEIS)"
9,"
                                        LOTERICA SETOR ECONOMICO SUDOESTE
                                    ", LOTERICA SETOR SUDOESTE ECONOMICO, 00.376.277/0001-13, 1502, lsesudoeste@gmail.com,"CLSW 504 BLOCO B, 08 - SETOR SUDOESTE
                                        70673-642. BRASILIA - DF
                                        (61) 33634033","Atividades Exercidas- APOSTAS EM LOTERIAS FEDERAIS- BENEFICIOS SOCIAIS, PAGAMENTO DE BOLSA FAMILIA, FGTS, INSS, SEGURO DESEMPREGO E ABONO  - CARTAO DE CREDITO CAIXA - CONTA CORRENTE E POUPANCA (PF E PJ)- CONTA POUPANCA CAIXA FACIL- EMPRESTIMOS (CONSIGNADO/CDC/CHEQUE ESPECIAL/GIRO CAIXA/CREDITO REAL FACIL)- PIX SAQUE/PIX TROCO- RECARGA CELULAR - RECEBIMENTO DE BOLETOS, CONTAS (AGUA, LUZ, TELEFONE E GAS), TRIBUTOS MUNICIPAIS, ESTADUAIS E FEDERAIS- SAQUE/DEPOSITO/TRANSFERENCIAS DE CLIENTES CAIXA, SAQUE DE CONTAS BNB"
10,"
                                        MARCOLINI LOTERICA
                                    ", MARCOLINI LOTERICA, 00.657.676/0001-52, 1041, zebrinha103@gmail.com,"SHCS CL 103 BL C LJ, 28 - ASA SUL
                                        70342-530. BRASILIA - DF
                                        (61) 32259056","Atividades Exercidas- APOSTAS EM LOTERIAS FEDERAIS- BENEFICIOS SOCIAIS, PAGAMENTO DE BOLSA FAMILIA, FGTS, INSS, SEGURO DESEMPREGO E ABONO  - CONTA POUPANCA CAIXA FACIL- PIX SAQUE/PIX TROCO- RECARGA CELULAR - RECEBIMENTO DE BOLETOS, CONTAS (AGUA, LUZ, TELEFONE E GAS), TRIBUTOS MUNICIPAIS, ESTADUAIS E FEDERAIS- SAQUE/DEPOSITO/TRANSFERENCIAS DE CLIENTES CAIXA, SAQUE DE CONTAS BNB- SEGUROS DE VIDA E RESIDENCIAL, CAPITALIZACAO E CONSORCIO (VEICULOS/IMOVEIS)"
11,"
                                        NACIONAL LOTERICA
                                    ", NACIONAL LOTERICA LTDA ME, 00.430.017/0001-89, 8, nacionalloterica@gmail.com,"C 09 LOTE, 04 - TAGUATINGA CENTRO
                                        72010-090. BRASILIA - DF
                                        (61) 35637706","Atividades Exercidas- APOSTAS EM LOTERIAS FEDERAIS- BENEFICIOS SOCIAIS, PAGAMENTO DE BOLSA FAMILIA, FGTS, INSS, SEGURO DESEMPREGO E ABONO  - CARTAO DE CREDITO CAIXA - CONTA CORRENTE E POUPANCA (PF E PJ)- CONTA POUPANCA CAIXA FACIL- EMPRESTIMOS (CONSIGNADO/CDC/CHEQUE ESPECIAL/GIRO CAIXA/CREDITO REAL FACIL)- PIX SAQUE/PIX TROCO- RECARGA CELULAR - RECEBIMENTO DE BOLETOS, CONTAS (AGUA, LUZ, TELEFONE E GAS), TRIBUTOS MUNICIPAIS, ESTADUAIS E FEDERAIS- SAQUE/DEPOSITO/TRANSFERENCIAS DE CLIENTES CAIXA, SAQUE DE CONTAS BNB"
12,"
                                        NENENS CHOPP
                                    ", NENENS CHOPP, 00.114.314/0001-15, 8, loteria.nenens@gmail.com,"SETOR CENTRAL POSTO GASOLINA NR 2, 02 - TAGUATINGA CENTRO
                                        72015-015. BRASILIA - DF
                                        (61) 35611278","Atividades Exercidas- APOSTAS EM LOTERIAS FEDERAIS- BENEFICIOS SOCIAIS, PAGAMENTO DE BOLSA FAMILIA, FGTS, INSS, SEGURO DESEMPREGO E ABONO  - CARTAO DE CREDITO CAIXA - CONTA CORRENTE E POUPANCA (PF E PJ)- CONTA POUPANCA CAIXA FACIL- EMPRESTIMOS (CONSIGNADO/CDC/CHEQUE ESPECIAL/GIRO CAIXA/CREDITO REAL FACIL)- FINANCIAMENTO HABITACIONAL (SBPE/FGTS)- PIX SAQUE/PIX TROCO- RECARGA CELULAR - RECEBIMENTO DE BOLETOS, CONTAS (AGUA, LUZ, TELEFONE E GAS), TRIBUTOS MUNICIPAIS, ESTADUAIS E FEDERAIS"
13,"
                                        PONTO TREZE LOTERIA
                                    ", PONTO TREZE LOTERIA, 00.539.379/0001-02, 2407, pontotrezeloteria@outlook.com,"SIA TR 07 N 100 PAV B 3H 1A CEASA, 1A - SIA
                                        71200-070. BRASILIA - DF
                                        (61) 32339595","Atividades Exercidas- APOSTAS EM LOTERIAS FEDERAIS- BENEFICIOS SOCIAIS, PAGAMENTO DE BOLSA FAMILIA, FGTS, INSS, SEGURO DESEMPREGO E ABONO  - CARTAO DE CREDITO CAIXA - CONTA CORRENTE E POUPANCA (PF E PJ)- CONTA POUPANCA CAIXA FACIL- EMPRESTIMOS (CONSIGNADO/CDC/CHEQUE ESPECIAL/GIRO CAIXA/CREDITO REAL FACIL)- PIX SAQUE/PIX TROCO- RECARGA CELULAR - RECEBIMENTO DE BOLETOS, CONTAS (AGUA, LUZ, TELEFONE E GAS), TRIBUTOS MUNICIPAIS, ESTADUAIS E FEDERAIS- SAQUE/DEPOSITO/TRANSFERENCIAS DE CLIENTES CAIXA, SAQUE DE CONTAS BNB"
14,"
                                        SO LOTECA
                                    ", LOTERICA SO LOTECA LTDA, 00.014.639/0001-26, 630, lotericasoloteca@gmail.com,"SDS BL A/J  LJ A TERREO,  - ASA SUL
                                        70392-900. BRASILIA - DF
                                        (61) 32256328","Atividades Exercidas- APOSTAS EM LOTERIAS FEDERAIS- BENEFICIOS SOCIAIS, PAGAMENTO DE BOLSA FAMILIA, FGTS, INSS, SEGURO DESEMPREGO E ABONO  - CARTAO DE CREDITO CAIXA - CONTA CORRENTE E POUPANCA (PF E PJ)- CONTA POUPANCA CAIXA FACIL- EMPRESTIMOS (CONSIGNADO/CDC/CHEQUE ESPECIAL/GIRO CAIXA/CREDITO REAL FACIL)- PIX SAQUE/PIX TROCO- RECARGA CELULAR - RECEBIMENTO DE BOLETOS, CONTAS (AGUA, LUZ, TELEFONE E GAS), TRIBUTOS MUNICIPAIS, ESTADUAIS E FEDERAIS- SAQUE/DEPOSITO/TRANSFERENCIAS DE CLIENTES CAIXA, SAQUE DE CONTAS BNB"
15,"
                                        ESQUINA LOTERICA
                                    ", ESQUINA LOTERICA, 00.712.943/0001-47, 655, esquinalotoeste@hotmail.com,"PRACA 01 LT 3 MERCADO OESTE LJ, 66 - GAMA
                                        72425-147. BRASILIA - DF
                                        (61) 35564313","Atividades Exercidas- APOSTAS EM LOTERIAS FEDERAIS- BENEFICIOS SOCIAIS, PAGAMENTO DE BOLSA FAMILIA, FGTS, INSS, SEGURO DESEMPREGO E ABONO  - CARTAO DE CREDITO CAIXA - CONTA CORRENTE E POUPANCA (PF E PJ)- CONTA POUPANCA CAIXA FACIL- EMPRESTIMOS (CONSIGNADO/CDC/CHEQUE ESPECIAL/GIRO CAIXA/CREDITO REAL FACIL)- FINANCIAMENTO HABITACIONAL (SBPE/FGTS)- PIX SAQUE/PIX TROCO- RECARGA CELULAR - RECEBIMENTO DE BOLETOS, CONTAS (AGUA, LUZ, TELEFONE E GAS), TRIBUTOS MUNICIPAIS, ESTADUAIS E FEDERAIS"
16,"
                                        IMPERIO DA SORTE
                                    ", CASA LOTERICA SANTO EXPEDITO, 01.597.152/0001-86, 655, lotericasantoexpedito@gmail.com,"TERMINAL RODOV DO GAMA LJ, 05 - GAMA
                                        72405-980. BRASILIA - DF
                                        (61) 35568596","Atividades Exercidas- APOSTAS EM LOTERIAS FEDERAIS- BENEFICIOS SOCIAIS, PAGAMENTO DE BOLSA FAMILIA, FGTS, INSS, SEGURO DESEMPREGO E ABONO  - CARTAO DE CREDITO CAIXA - CONTA CORRENTE E POUPANCA (PF E PJ)- CONTA POUPANCA CAIXA FACIL- EMPRESTIMOS (CONSIGNADO/CDC/CHEQUE ESPECIAL/GIRO CAIXA/CREDITO REAL FACIL)- PIX SAQUE/PIX TROCO- RECARGA CELULAR - RECEBIMENTO DE BOLETOS, CONTAS (AGUA, LUZ, TELEFONE E GAS), TRIBUTOS MUNICIPAIS, ESTADUAIS E FEDERAIS- SAQUE/DEPOSITO/TRANSFERENCIAS DE CLIENTES CAIXA, SAQUE DE CONTAS BNB"
17,"
                                        LOTERIA L-NORTE
                                    ", OLIVEIRA E VILELA LTDA, 00.697.979/0001-07, 4166, marcosieda@hotmail.com,"EQNL 10/12 BL B LOJA, 06 - TAGUATINGA
                                        72155-522. BRASILIA - DF
                                        (61) 974011275","Atividades Exercidas- APOSTAS EM LOTERIAS FEDERAIS- BENEFICIOS SOCIAIS, PAGAMENTO DE BOLSA FAMILIA, FGTS, INSS, SEGURO DESEMPREGO E ABONO  - CARTAO DE CREDITO CAIXA - CONTA CORRENTE E POUPANCA (PF E PJ)- CONTA POUPANCA CAIXA FACIL- EMPRESTIMOS (CONSIGNADO/CDC/CHEQUE ESPECIAL/GIRO CAIXA/CREDITO REAL FACIL)- PIX SAQUE/PIX TROCO- RECARGA CELULAR - RECEBIMENTO DE BOLETOS, CONTAS (AGUA, LUZ, TELEFONE E GAS), TRIBUTOS MUNICIPAIS, ESTADUAIS E FEDERAIS- SAQUE/DEPOSITO/TRANSFERENCIAS DE CLIENTES CAIXA, SAQUE DE CONTAS BNB"
18,"
                                        LOTERIA M NORTE
                                    ", OLIVEIRA E VILELA LTDA, 00.697.979/0002-80, 4166, marcosieda@hotmail.com,"QNM 38 CONJ D LT 47 LJ  - M NORTE, 01 - TAGUATINGA NORTE
                                        72145-804. BRASILIA - DF
                                        (61) 974011275","Atividades Exercidas- APOSTAS EM LOTERIAS FEDERAIS- BENEFICIOS SOCIAIS, PAGAMENTO DE BOLSA FAMILIA, FGTS, INSS, SEGURO DESEMPREGO E ABONO  - CARTAO DE CREDITO CAIXA - CONTA CORRENTE E POUPANCA (PF E PJ)- CONTA POUPANCA CAIXA FACIL- EMPRESTIMOS (CONSIGNADO/CDC/CHEQUE ESPECIAL/GIRO CAIXA/CREDITO REAL FACIL)- PIX SAQUE/PIX TROCO- RECARGA CELULAR - RECEBIMENTO DE BOLETOS, CONTAS (AGUA, LUZ, TELEFONE E GAS), TRIBUTOS MUNICIPAIS, ESTADUAIS E FEDERAIS- SAQUE/DEPOSITO/TRANSFERENCIAS DE CLIENTES CAIXA, SAQUE DE CONTAS BNB"
19,"
                                        LOTERICA 209
                                    ", LOTERICA 209 LTDA, 00.683.383/0001-40, 816, loterica209@hotmail.com,"SHCS CL QUADRA 209 BLOCO C LOJA, 33 - ASA SUL
                                        70296-510. BRASILIA - DF
                                        (61) 32426067","Atividades Exercidas- APOSTAS EM LOTERIAS FEDERAIS- BENEFICIOS SOCIAIS, PAGAMENTO DE BOLSA FAMILIA, FGTS, INSS, SEGURO DESEMPREGO E ABONO  - CARTAO DE CREDITO CAIXA - CONTA CORRENTE E POUPANCA (PF E PJ)- CONTA POUPANCA CAIXA FACIL- EMPRESTIMOS (CONSIGNADO/CDC/CHEQUE ESPECIAL/GIRO CAIXA/CREDITO REAL FACIL)- PIX SAQUE/PIX TROCO- RECARGA CELULAR - RECEBIMENTO DE BOLETOS, CONTAS (AGUA, LUZ, TELEFONE E GAS), TRIBUTOS MUNICIPAIS, ESTADUAIS E FEDERAIS- SAQUE/DEPOSITO/TRANSFERENCIAS DE CLIENTES CAIXA, SAQUE DE CONTAS BNB"
20,"
                                        LOTERICA CAROLINA
                                    ", LOTERICA CAROLINA LTDA ME, 01.570.492/0001-13, 674, andre.51@hotmail.com,"AV COMERCIAL 1051 LOJA, 02 - SAO SEBASTIAO
                                        71691-153. BRASILIA - DF
                                        (61) 33352343","Atividades Exercidas- APOSTAS EM LOTERIAS FEDERAIS- BENEFICIOS SOCIAIS, PAGAMENTO DE BOLSA FAMILIA, FGTS, INSS, SEGURO DESEMPREGO E ABONO  - CARTAO DE CREDITO CAIXA - CONTA CORRENTE E POUPANCA (PF E PJ)- CONTA POUPANCA CAIXA FACIL- EMPRESTIMOS (CONSIGNADO/CDC/CHEQUE ESPECIAL/GIRO CAIXA/CREDITO REAL FACIL)- PIX SAQUE/PIX TROCO- RECARGA CELULAR - RECEBIMENTO DE BOLETOS, CONTAS (AGUA, LUZ, TELEFONE E GAS), TRIBUTOS MUNICIPAIS, ESTADUAIS E FEDERAIS- SAQUE/DEPOSITO/TRANSFERENCIAS DE CLIENTES CAIXA, SAQUE DE CONTAS BNB"
21,"
                                        LOTERICA CONJUNTO NACIONAL
                                    ", LOTERIAS CONJUNTO NACIONAL LTDA, 01.333.316/0001-68, 630, erasmomelo12@gmail.com,"SDN CONJUNTO A LOJA T-74 TERREO,  - SETOR DE DIVERSOES NORTE
                                        70077-000. BRASILIA - DF
                                        (61) 33272889","Atividades Exercidas- APOSTAS EM LOTERIAS FEDERAIS- BENEFICIOS SOCIAIS, PAGAMENTO DE BOLSA FAMILIA, FGTS, INSS, SEGURO DESEMPREGO E ABONO  - CARTAO DE CREDITO CAIXA - CONTA CORRENTE E POUPANCA (PF E PJ)- CONTA POUPANCA CAIXA FACIL- EMPRESTIMOS (CONSIGNADO/CDC/CHEQUE ESPECIAL/GIRO CAIXA/CREDITO REAL FACIL)- PIX SAQUE/PIX TROCO- RECARGA CELULAR - RECEBIMENTO DE BOLETOS, CONTAS (AGUA, LUZ, TELEFONE E GAS), TRIBUTOS MUNICIPAIS, ESTADUAIS E FEDERAIS- SAQUE/DEPOSITO/TRANSFERENCIAS DE CLIENTES CAIXA, SAQUE DE CONTAS BNB"
22,"
                                        LOTERICA ESTRELA
                                    ", LOTERICA ESTRELA LTDA, 00.687.624/0001-29, 2399, marcelomilagre@gmail.com,"CSE 03 LOTE 08  LOJA, 01 - VILA DIMAS
                                        72025-035. BRASILIA - DF
                                        (61) 33561265","Atividades Exercidas- APOSTAS EM LOTERIAS FEDERAIS- BENEFICIOS SOCIAIS, PAGAMENTO DE BOLSA FAMILIA, FGTS, INSS, SEGURO DESEMPREGO E ABONO  - CARTAO DE CREDITO CAIXA - CONTA CORRENTE E POUPANCA (PF E PJ)- CONTA POUPANCA CAIXA FACIL- EMPRESTIMOS (CONSIGNADO/CDC/CHEQUE ESPECIAL/GIRO CAIXA/CREDITO REAL FACIL)- PIX SAQUE/PIX TROCO- RECARGA CELULAR - RECEBIMENTO DE BOLETOS, CONTAS (AGUA, LUZ, TELEFONE E GAS), TRIBUTOS MUNICIPAIS, ESTADUAIS E FEDERAIS- SAQUE/DEPOSITO/TRANSFERENCIAS DE CLIENTES CAIXA, SAQUE DE CONTAS BNB"
23,"
                                        LOTERICA LIBERTY MALL BRASILIA
                                    ", CASA LOTERICA VITORIA LTDA, 01.356.638/0001-22, 2458, casa.loterica.vitoria@gmail.com,"ST SCN QUADRA 2 BLOCO D, 000 - Asa Norte
                                        70712-904. BRASILIA - DF
                                        (61) 33284901","Atividades Exercidas- APOSTAS EM LOTERIAS FEDERAIS- BENEFICIOS SOCIAIS, PAGAMENTO DE BOLSA FAMILIA, FGTS, INSS, SEGURO DESEMPREGO E ABONO  - CARTAO DE CREDITO CAIXA - CONTA CORRENTE E POUPANCA (PF E PJ)- CONTA POUPANCA CAIXA FACIL- EMPRESTIMOS (CONSIGNADO/CDC/CHEQUE ESPECIAL/GIRO CAIXA/CREDITO REAL FACIL)- PIX SAQUE/PIX TROCO- RECARGA CELULAR - RECEBIMENTO DE BOLETOS, CONTAS (AGUA, LUZ, TELEFONE E GAS), TRIBUTOS MUNICIPAIS, ESTADUAIS E FEDERAIS- SAQUE/DEPOSITO/TRANSFERENCIAS DE CLIENTES CAIXA, SAQUE DE CONTAS BNB"
24,"
                                        LOTERICA PRIMAVERA
                                    ", LOTERICA PRIMAVERA LTDA, 00.843.326/0001-80, 3494, lotericabahamas@gmail.com,"AVENIDA JEQUITIBA LOTE 685 LOJAS, 05/31 - AGUAS CLARAS
                                        71929-540. BRASILIA - DF
                                        (61) 30525390","Atividades Exercidas- APOSTAS EM LOTERIAS FEDERAIS- BENEFICIOS SOCIAIS, PAGAMENTO DE BOLSA FAMILIA, FGTS, INSS, SEGURO DESEMPREGO E ABONO  - CARTAO DE CREDITO CAIXA - CONTA CORRENTE E POUPANCA (PF E PJ)- CONTA POUPANCA CAIXA FACIL- EMPRESTIMOS (CONSIGNADO/CDC/CHEQUE ESPECIAL/GIRO CAIXA/CREDITO REAL FACIL)- FINANCIAMENTO HABITACIONAL (SBPE/FGTS)- PIX SAQUE/PIX TROCO- RECARGA CELULAR - RECEBIMENTO DE BOLETOS, CONTAS (AGUA, LUZ, TELEFONE E GAS), TRIBUTOS MUNICIPAIS, ESTADUAIS E FEDERAIS"
25,"
                                        LOTERICA SONHO DOURADO
                                    ", APOSTA CERTA LOTERIA LTDA - ME, 01.418.160/0001-18, 7, lotericaapostacerta@gmail.com,"CLN 404 BL E LJ 32, 32 - ASA NORTE
                                        70845-550. BRASILIA - DF
                                        (61) 33265789","Atividades Exercidas- APOSTAS EM LOTERIAS FEDERAIS- BENEFICIOS SOCIAIS, PAGAMENTO DE BOLSA FAMILIA, FGTS, INSS, SEGURO DESEMPREGO E ABONO  - CARTAO DE CREDITO CAIXA - CONTA CORRENTE E POUPANCA (PF E PJ)- CONTA POUPANCA CAIXA FACIL- EMPRESTIMOS (CONSIGNADO/CDC/CHEQUE ESPECIAL/GIRO CAIXA/CREDITO REAL FACIL)- PIX SAQUE/PIX TROCO- RECARGA CELULAR - RECEBIMENTO DE BOLETOS, CONTAS (AGUA, LUZ, TELEFONE E GAS), TRIBUTOS MUNICIPAIS, ESTADUAIS E FEDERAIS- SAQUE/DEPOSITO/TRANSFERENCIAS DE CLIENTES CAIXA, SAQUE DE CONTAS BNB"
26,"
                                        LOTERICA SUCESSO
                                    ", LOTERICA SUCESSO LTD, 01.254.291/0001-07, 688, lotericasucesso@hotmail.com,"MU 01 EQR 5/7  CONJ A LOJA, 06 - CANDANGOLANDIA
                                        71725-500. BRASILIA - DF
                                        (61) 33016858","Atividades Exercidas- APOSTAS EM LOTERIAS FEDERAIS- BENEFICIOS SOCIAIS, PAGAMENTO DE BOLSA FAMILIA, FGTS, INSS, SEGURO DESEMPREGO E ABONO  - CARTAO DE CREDITO CAIXA - CONTA CORRENTE E POUPANCA (PF E PJ)- CONTA POUPANCA CAIXA FACIL- EMPRESTIMOS (CONSIGNADO/CDC/CHEQUE ESPECIAL/GIRO CAIXA/CREDITO REAL FACIL)- PIX SAQUE/PIX TROCO- RECARGA CELULAR - RECEBIMENTO DE BOLETOS, CONTAS (AGUA, LUZ, TELEFONE E GAS), TRIBUTOS MUNICIPAIS, ESTADUAIS E FEDERAIS- SAQUE/DEPOSITO/TRANSFERENCIAS DE CLIENTES CAIXA, SAQUE DE CONTAS BNB"
27,"
                                        LOTERICA TAGUASUL
                                    ", LOTERICA TAGUASUL LTDA, 00.677.369/0001-33, 8, alves_flaminio@yahoo.com.br,"CSD 1 LT 16 LJ, 02 - TAGUATINGA SUL
                                        72020-015. BRASILIA - DF
                                        (61) 35633375","Atividades Exercidas- APOSTAS EM LOTERIAS FEDERAIS- BENEFICIOS SOCIAIS, PAGAMENTO DE BOLSA FAMILIA, FGTS, INSS, SEGURO DESEMPREGO E ABONO  - CARTAO DE CREDITO CAIXA - CONTA CORRENTE E POUPANCA (PF E PJ)- CONTA POUPANCA CAIXA FACIL- EMPRESTIMOS (CONSIGNADO/CDC/CHEQUE ESPECIAL/GIRO CAIXA/CREDITO REAL FACIL)- PIX SAQUE/PIX TROCO- RECARGA CELULAR - RECEBIMENTO DE BOLETOS, CONTAS (AGUA, LUZ, TELEFONE E GAS), TRIBUTOS MUNICIPAIS, ESTADUAIS E FEDERAIS- SAQUE/DEPOSITO/TRANSFERENCIAS DE CLIENTES CAIXA, SAQUE DE CONTAS BNB"
28,"
                                        MEGA STAR LOTERIA
                                    ", GG LOTERIAS LTDA, 01.371.619/0001-75, 1041, ggloterias@ig.com.br,"SHCS CR 508 BL C LJ, 24 - ASA SUL
                                        70350-535. BRASILIA - DF
                                        (61) 32447329","Atividades Exercidas- APOSTAS EM LOTERIAS FEDERAIS- BENEFICIOS SOCIAIS, PAGAMENTO DE BOLSA FAMILIA, FGTS, INSS, SEGURO DESEMPREGO E ABONO  - CARTAO DE CREDITO CAIXA - CONTA CORRENTE E POUPANCA (PF E PJ)- CONTA POUPANCA CAIXA FACIL- EMPRESTIMOS (CONSIGNADO/CDC/CHEQUE ESPECIAL/GIRO CAIXA/CREDITO REAL FACIL)- PIX SAQUE/PIX TROCO- RECARGA CELULAR - RECEBIMENTO DE BOLETOS, CONTAS (AGUA, LUZ, TELEFONE E GAS), TRIBUTOS MUNICIPAIS, ESTADUAIS E FEDERAIS- SAQUE/DEPOSITO/TRANSFERENCIAS DE CLIENTES CAIXA, SAQUE DE CONTAS BNB"
29,"
                                        SERRA PELADA LOTERIAS LTDA
                                    ", SERRA PELADA LOTERIAS LTDA, 00.674.218/0001-21, 630, serrapelada01@hotmail.com,"TER RODOVIARIA PLATAFORMA TERREO OESTE AG LOTERICA, SN - ZONA CIVICO ADMINISTRATIVA
                                        70089-000. BRASILIA - DF
                                        (61) 32259833","Atividades Exercidas- APOSTAS EM LOTERIAS FEDERAIS- BENEFICIOS SOCIAIS, PAGAMENTO DE BOLSA FAMILIA, FGTS, INSS, SEGURO DESEMPREGO E ABONO  - CARTAO DE CREDITO CAIXA - CONTA CORRENTE E POUPANCA (PF E PJ)- CONTA POUPANCA CAIXA FACIL- EMPRESTIMOS (CONSIGNADO/CDC/CHEQUE ESPECIAL/GIRO CAIXA/CREDITO REAL FACIL)- PIX SAQUE/PIX TROCO- RECARGA CELULAR - RECEBIMENTO DE BOLETOS, CONTAS (AGUA, LUZ, TELEFONE E GAS), TRIBUTOS MUNICIPAIS, ESTADUAIS E FEDERAIS- SAQUE/DEPOSITO/TRANSFERENCIAS DE CLIENTES CAIXA, SAQUE DE CONTAS BNB"
30,"
                                        BIG SORTE LOTERIA
                                    ", LOTERIA QUATROCENTOS E TREZE SUL LTDA ME, 01.802.308/0001-13, 816, loto03@bigbox.com.br,"SHCS  EQ 412/413 BLOCO A, S/N - ASA SUL
                                        70296-510. BRASILIA - DF
                                        (61) 33460169","Atividades Exercidas- APOSTAS EM LOTERIAS FEDERAIS- BENEFICIOS SOCIAIS, PAGAMENTO DE BOLSA FAMILIA, FGTS, INSS, SEGURO DESEMPREGO E ABONO  - CARTAO DE CREDITO CAIXA - CONTA CORRENTE E POUPANCA (PF E PJ)- CONTA POUPANCA CAIXA FACIL- EMPRESTIMOS (CONSIGNADO/CDC/CHEQUE ESPECIAL/GIRO CAIXA/CREDITO REAL FACIL)- PIX SAQUE/PIX TROCO- RECARGA CELULAR - RECEBIMENTO DE BOLETOS, CONTAS (AGUA, LUZ, TELEFONE E GAS), TRIBUTOS MUNICIPAIS, ESTADUAIS E FEDERAIS- SAQUE/DEPOSITO/TRANSFERENCIAS DE CLIENTES CAIXA, SAQUE DE CONTAS BNB"
31,"
                                        CAMISA TREZE
                                    ", RMBB LOTERIAS LTDA, 01.718.540/0001-78, 2304, RMBBLOTERIA@GMAIL.COM,"SCEE SUL LOTE B BOX 09 - CARREFOUR, 09 - GUARA
                                        71218-900. BRASILIA - DF
                                        (61) 33616286","Atividades Exercidas- APOSTAS EM LOTERIAS FEDERAIS- BENEFICIOS SOCIAIS, PAGAMENTO DE BOLSA FAMILIA, FGTS, INSS, SEGURO DESEMPREGO E ABONO  - CARTAO DE CREDITO CAIXA - CONTA CORRENTE E POUPANCA (PF E PJ)- CONTA POUPANCA CAIXA FACIL- EMPRESTIMOS (CONSIGNADO/CDC/CHEQUE ESPECIAL/GIRO CAIXA/CREDITO REAL FACIL)- PIX SAQUE/PIX TROCO- RECARGA CELULAR - RECEBIMENTO DE BOLETOS, CONTAS (AGUA, LUZ, TELEFONE E GAS), TRIBUTOS MUNICIPAIS, ESTADUAIS E FEDERAIS- SAQUE/DEPOSITO/TRANSFERENCIAS DE CLIENTES CAIXA, SAQUE DE CONTAS BNB"
32,"
                                        CASA JERUSALEM
                                    ", CASA JERUSALEM LTDA, 02.270.789/0001-26, 643, casajerusalem@gmail.com,"QI 12 BLOCO A, 22 - GUARA I
                                        71010-619. BRASILIA - DF
                                        (61) 30474770","Atividades Exercidas- APOSTAS EM LOTERIAS FEDERAIS- BENEFICIOS SOCIAIS, PAGAMENTO DE BOLSA FAMILIA, FGTS, INSS, SEGURO DESEMPREGO E ABONO  - CARTAO DE CREDITO CAIXA - CONTA CORRENTE E POUPANCA (PF E PJ)- CONTA POUPANCA CAIXA FACIL- EMPRESTIMOS (CONSIGNADO/CDC/CHEQUE ESPECIAL/GIRO CAIXA/CREDITO REAL FACIL)- PIX SAQUE/PIX TROCO- RECARGA CELULAR - RECEBIMENTO DE BOLETOS, CONTAS (AGUA, LUZ, TELEFONE E GAS), TRIBUTOS MUNICIPAIS, ESTADUAIS E FEDERAIS- SAQUE/DEPOSITO/TRANSFERENCIAS DE CLIENTES CAIXA, SAQUE DE CONTAS BNB"
33,"
                                        F&C LOTERIAS LTDA
                                    ", F&C LOTERIAS LTDA, 02.499.195/0001-91, 4166, wagnerloterias@gmail.com,"QNP 14 CONJ U LOTE 50, 50 - CEILANDIA
                                        72231-421. BRASILIA - DF
                                        (61) 33777555","Atividades Exercidas- APOSTAS EM LOTERIAS FEDERAIS- BENEFICIOS SOCIAIS, PAGAMENTO DE BOLSA FAMILIA, FGTS, INSS, SEGURO DESEMPREGO E ABONO  - CARTAO DE CREDITO CAIXA - CONTA CORRENTE E POUPANCA (PF E PJ)- CONTA POUPANCA CAIXA FACIL- EMPRESTIMOS (CONSIGNADO/CDC/CHEQUE ESPECIAL/GIRO CAIXA/CREDITO REAL FACIL)- PIX SAQUE/PIX TROCO- RECARGA CELULAR - RECEBIMENTO DE BOLETOS, CONTAS (AGUA, LUZ, TELEFONE E GAS), TRIBUTOS MUNICIPAIS, ESTADUAIS E FEDERAIS- SAQUE/DEPOSITO/TRANSFERENCIAS DE CLIENTES CAIXA, SAQUE DE CONTAS BNB"
34,"
                                        LOGICA LOTERICAS
                                    ", LOGICA LOTERICAS LTDA, 02.447.433/0001-15, 3001, logica.loterica@bol.com.br,"COM LOCAL 214 LOTE C 03 LOJA A, sn - SANTA MARIA
                                        72544-220. BRASILIA - DF
                                        (61) 33948532","Atividades Exercidas- APOSTAS EM LOTERIAS FEDERAIS- BENEFICIOS SOCIAIS, PAGAMENTO DE BOLSA FAMILIA, FGTS, INSS, SEGURO DESEMPREGO E ABONO  - CARTAO DE CREDITO CAIXA - CONTA CORRENTE E POUPANCA (PF E PJ)- CONTA POUPANCA CAIXA FACIL- EMPRESTIMOS (CONSIGNADO/CDC/CHEQUE ESPECIAL/GIRO CAIXA/CREDITO REAL FACIL)- PIX SAQUE/PIX TROCO- RECARGA CELULAR - RECEBIMENTO DE BOLETOS, CONTAS (AGUA, LUZ, TELEFONE E GAS), TRIBUTOS MUNICIPAIS, ESTADUAIS E FEDERAIS- SAQUE/DEPOSITO/TRANSFERENCIAS DE CLIENTES CAIXA, SAQUE DE CONTAS BNB"
35,"
                                        LOTERIA BRASILIA SHOPPING
                                    ", M.R. LOTERIAS LTDA, 01.868.557/0001-01, 2403, samtaborda@gmail.com,"Q SCN QD5 BL A QUIOS 60 61 62  SS3, SN - ASA NORTE
                                        70715-900. BRASILIA - DF
                                        (61) 33272736","Atividades Exercidas- APOSTAS EM LOTERIAS FEDERAIS- BENEFICIOS SOCIAIS, PAGAMENTO DE BOLSA FAMILIA, FGTS, INSS, SEGURO DESEMPREGO E ABONO  - CARTAO DE CREDITO CAIXA - CONTA CORRENTE E POUPANCA (PF E PJ)- CONTA POUPANCA CAIXA FACIL- EMPRESTIMOS (CONSIGNADO/CDC/CHEQUE ESPECIAL/GIRO CAIXA/CREDITO REAL FACIL)- PIX SAQUE/PIX TROCO- RECARGA CELULAR - RECEBIMENTO DE BOLETOS, CONTAS (AGUA, LUZ, TELEFONE E GAS), TRIBUTOS MUNICIPAIS, ESTADUAIS E FEDERAIS- SAQUE/DEPOSITO/TRANSFERENCIAS DE CLIENTES CAIXA, SAQUE DE CONTAS BNB"
36,"
                                        LOTERIA ITAPOAN
                                    ", FREITAS LOTERIAS LTDA, 02.179.830/0001-53, 7, itapoan@uol.com.br,"SHCG/NORTE Q-704 BL-B LJ-09, 09 - ASA NORTE
                                        70730-732. BRASILIA - DF
                                        (61) 33288880","Atividades Exercidas- APOSTAS EM LOTERIAS FEDERAIS- BENEFICIOS SOCIAIS, PAGAMENTO DE BOLSA FAMILIA, FGTS, INSS, SEGURO DESEMPREGO E ABONO  - CONTA POUPANCA CAIXA FACIL- PIX SAQUE/PIX TROCO- RECARGA CELULAR - RECEBIMENTO DE BOLETOS, CONTAS (AGUA, LUZ, TELEFONE E GAS), TRIBUTOS MUNICIPAIS, ESTADUAIS E FEDERAIS- SAQUE/DEPOSITO/TRANSFERENCIAS DE CLIENTES CAIXA, SAQUE DE CONTAS BNB- SEGUROS DE VIDA E RESIDENCIAL, CAPITALIZACAO E CONSORCIO (VEICULOS/IMOVEIS)"
37,"
                                        LOTERIAS BOA SORTE
                                    ", LOTERIAS SILVA & SILVA LTDA, 01.742.530/0001-78, 3035, loteriasilvaesilva@hotmail.com,"CLN 05 BLOCO C LOTE 01 LOJA, 01 - RIACHO FUNDO I
                                        71805-523. BRASILIA - DF
                                        (61) 33993027","Atividades Exercidas- APOSTAS EM LOTERIAS FEDERAIS- BENEFICIOS SOCIAIS, PAGAMENTO DE BOLSA FAMILIA, FGTS, INSS, SEGURO DESEMPREGO E ABONO  - CARTAO DE CREDITO CAIXA - CONTA CORRENTE E POUPANCA (PF E PJ)- CONTA POUPANCA CAIXA FACIL- EMPRESTIMOS (CONSIGNADO/CDC/CHEQUE ESPECIAL/GIRO CAIXA/CREDITO REAL FACIL)- PIX SAQUE/PIX TROCO- RECARGA CELULAR - RECEBIMENTO DE BOLETOS, CONTAS (AGUA, LUZ, TELEFONE E GAS), TRIBUTOS MUNICIPAIS, ESTADUAIS E FEDERAIS- SAQUE/DEPOSITO/TRANSFERENCIAS DE CLIENTES CAIXA, SAQUE DE CONTAS BNB"
38,"
                                        LOTERICA CRUZEIRO DO SUL
                                    ", CASA LOTERICA CRUZEIRO DO SUL LTDA, 02.614.518/0001-40, 1502, casalotericacruzeirodosul10@gmail.com,"SRES QD 10 BL A LOJA 43,  - CRUZEIRO VELHO
                                        70645-510. BRASILIA - DF
                                        (61) 33611518","Atividades Exercidas- APOSTAS EM LOTERIAS FEDERAIS- BENEFICIOS SOCIAIS, PAGAMENTO DE BOLSA FAMILIA, FGTS, INSS, SEGURO DESEMPREGO E ABONO  - CARTAO DE CREDITO CAIXA - CONTA CORRENTE E POUPANCA (PF E PJ)- CONTA POUPANCA CAIXA FACIL- EMPRESTIMOS (CONSIGNADO/CDC/CHEQUE ESPECIAL/GIRO CAIXA/CREDITO REAL FACIL)- PIX SAQUE/PIX TROCO- RECARGA CELULAR - RECEBIMENTO DE BOLETOS, CONTAS (AGUA, LUZ, TELEFONE E GAS), TRIBUTOS MUNICIPAIS, ESTADUAIS E FEDERAIS- SAQUE/DEPOSITO/TRANSFERENCIAS DE CLIENTES CAIXA, SAQUE DE CONTAS BNB"
39,"
                                        LOTERICA SANDU
                                    ", CASA LOTERICA SANDU LTDA-ME, 02.442.968/0001-01, 2399, loterica.sandu@gmail.com,"CSC 4 LOTE 2 LOJA, 01 - BRASILIA
                                        72016-045. BRASILIA - DF
                                        (61) 35632410","Atividades Exercidas- APOSTAS EM LOTERIAS FEDERAIS- BENEFICIOS SOCIAIS, PAGAMENTO DE BOLSA FAMILIA, FGTS, INSS, SEGURO DESEMPREGO E ABONO  - CARTAO DE CREDITO CAIXA - CONTA CORRENTE E POUPANCA (PF E PJ)- CONTA POUPANCA CAIXA FACIL- EMPRESTIMOS (CONSIGNADO/CDC/CHEQUE ESPECIAL/GIRO CAIXA/CREDITO REAL FACIL)- PIX SAQUE/PIX TROCO- RECARGA CELULAR - RECEBIMENTO DE BOLETOS, CONTAS (AGUA, LUZ, TELEFONE E GAS), TRIBUTOS MUNICIPAIS, ESTADUAIS E FEDERAIS- SAQUE/DEPOSITO/TRANSFERENCIAS DE CLIENTES CAIXA, SAQUE DE CONTAS BNB"
40,"
                                        LOTERICA SORTE REAL
                                    ", CASA LOTERICA SORTE REAL LTDA, 02.622.815/0001-38, 2272, loterica.sorte.real.cei@gmail.com,"Q QNM 11 LT 6 MEZANINO, SN - CEILANDIA SUL
                                        72215-110. BRASILIA - DF
                                        (61) 986061747","Atividades Exercidas- APOSTAS EM LOTERIAS FEDERAIS- BENEFICIOS SOCIAIS, PAGAMENTO DE BOLSA FAMILIA, FGTS, INSS, SEGURO DESEMPREGO E ABONO  - CONTA POUPANCA CAIXA FACIL- PIX SAQUE/PIX TROCO- RECARGA CELULAR - RECEBIMENTO DE BOLETOS, CONTAS (AGUA, LUZ, TELEFONE E GAS), TRIBUTOS MUNICIPAIS, ESTADUAIS E FEDERAIS- SAQUE/DEPOSITO/TRANSFERENCIAS DE CLIENTES CAIXA, SAQUE DE CONTAS BNB- SEGUROS DE VIDA E RESIDENCIAL, CAPITALIZACAO E CONSORCIO (VEICULOS/IMOVEIS)"
41,"
                                        LOTERICA TAGUATINGA SHOPPING
                                    ", PESSOA E EWERTON LTDA, 02.498.144/0001-45, 2399, sandraewerton@gmail.com,"RUA 210 QS 01 LOTE 40 LOJA, 3099A - AGUAS CLARAS - AREAL
                                        71950-770. BRASILIA - DF
                                        (61) 35623056","Atividades Exercidas- APOSTAS EM LOTERIAS FEDERAIS- BENEFICIOS SOCIAIS, PAGAMENTO DE BOLSA FAMILIA, FGTS, INSS, SEGURO DESEMPREGO E ABONO  - CARTAO DE CREDITO CAIXA - CONTA CORRENTE E POUPANCA (PF E PJ)- CONTA POUPANCA CAIXA FACIL- EMPRESTIMOS (CONSIGNADO/CDC/CHEQUE ESPECIAL/GIRO CAIXA/CREDITO REAL FACIL)- PIX SAQUE/PIX TROCO- RECARGA CELULAR - RECEBIMENTO DE BOLETOS, CONTAS (AGUA, LUZ, TELEFONE E GAS), TRIBUTOS MUNICIPAIS, ESTADUAIS E FEDERAIS- SAQUE/DEPOSITO/TRANSFERENCIAS DE CLIENTES CAIXA, SAQUE DE CONTAS BNB"
42,"
                                        PAPA SORTE LOTERIAS
                                    ", CASA LOTERICA RUMO DA FORTUNA LTDA, 01.615.715/0001-11, 2399, loteriarumodafortuna@gmail.com,"Q C SB 06  LT 1/2, SN - TAGUATINGA
                                        72015-951. BRASILIA - DF
                                        (61) 981820252","Atividades Exercidas- APOSTAS EM LOTERIAS FEDERAIS- BENEFICIOS SOCIAIS, PAGAMENTO DE BOLSA FAMILIA, FGTS, INSS, SEGURO DESEMPREGO E ABONO  - CONTA POUPANCA CAIXA FACIL- PIX SAQUE/PIX TROCO- RECARGA CELULAR - RECEBIMENTO DE BOLETOS, CONTAS (AGUA, LUZ, TELEFONE E GAS), TRIBUTOS MUNICIPAIS, ESTADUAIS E FEDERAIS- SAQUE/DEPOSITO/TRANSFERENCIAS DE CLIENTES CAIXA, SAQUE DE CONTAS BNB- SEGUROS DE VIDA E RESIDENCIAL, CAPITALIZACAO E CONSORCIO (VEICULOS/IMOVEIS)"
43,"
                                        PIT STOP LOTERIAS
                                    ", LOTERIAS CARTAO DE OURO LTDA, 01.607.837/0001-66, 1057, loteriapitstop@gmail.com,"SRTVS 701 BL E LT 2/4 LJ, 13A - ASA SUL
                                        70340-902. BRASILIA - DF
                                        (61) 39637032","Atividades Exercidas- APOSTAS EM LOTERIAS FEDERAIS- BENEFICIOS SOCIAIS, PAGAMENTO DE BOLSA FAMILIA, FGTS, INSS, SEGURO DESEMPREGO E ABONO  - CONTA POUPANCA CAIXA FACIL- PIX SAQUE/PIX TROCO- RECARGA CELULAR - RECEBIMENTO DE BOLETOS, CONTAS (AGUA, LUZ, TELEFONE E GAS), TRIBUTOS MUNICIPAIS, ESTADUAIS E FEDERAIS- SAQUE/DEPOSITO/TRANSFERENCIAS DE CLIENTES CAIXA, SAQUE DE CONTAS BNB- SEGUROS DE VIDA E RESIDENCIAL, CAPITALIZACAO E CONSORCIO (VEICULOS/IMOVEIS)"
44,"
                                        SORT SHOP
                                    ", SORTSHOP LOTERIAS LTDA, 02.665.295/0001-40, 655, sortshoploterias@hotmail.com,"AEL 1 QD-55/56 LOJA, B-139 - GAMA
                                        72405-550. BRASILIA - DF
                                        (61) 35566947","Atividades Exercidas- APOSTAS EM LOTERIAS FEDERAIS- BENEFICIOS SOCIAIS, PAGAMENTO DE BOLSA FAMILIA, FGTS, INSS, SEGURO DESEMPREGO E ABONO  - CARTAO DE CREDITO CAIXA - CONTA CORRENTE E POUPANCA (PF E PJ)- CONTA POUPANCA CAIXA FACIL- EMPRESTIMOS (CONSIGNADO/CDC/CHEQUE ESPECIAL/GIRO CAIXA/CREDITO REAL FACIL)- PIX SAQUE/PIX TROCO- RECARGA CELULAR - RECEBIMENTO DE BOLETOS, CONTAS (AGUA, LUZ, TELEFONE E GAS), TRIBUTOS MUNICIPAIS, ESTADUAIS E FEDERAIS- SAQUE/DEPOSITO/TRANSFERENCIAS DE CLIENTES CAIXA, SAQUE DE CONTAS BNB"
45,"
                                        CAIXA DA SORTE
                                    ", PB LOTERIAS LTDA, 02.802.071/0001-33, 643, pblotbrum@yahoo.com.br,"QE 07 LOTE H, 12 - GUARA I
                                        71020-687. BRASILIA - DF
                                        (61) 35677371","Atividades Exercidas- APOSTAS EM LOTERIAS FEDERAIS- BENEFICIOS SOCIAIS, PAGAMENTO DE BOLSA FAMILIA, FGTS, INSS, SEGURO DESEMPREGO E ABONO  - CARTAO DE CREDITO CAIXA - CONTA CORRENTE E POUPANCA (PF E PJ)- CONTA POUPANCA CAIXA FACIL- EMPRESTIMOS (CONSIGNADO/CDC/CHEQUE ESPECIAL/GIRO CAIXA/CREDITO REAL FACIL)- PIX SAQUE/PIX TROCO- RECARGA CELULAR - RECEBIMENTO DE BOLETOS, CONTAS (AGUA, LUZ, TELEFONE E GAS), TRIBUTOS MUNICIPAIS, ESTADUAIS E FEDERAIS- SAQUE/DEPOSITO/TRANSFERENCIAS DE CLIENTES CAIXA, SAQUE DE CONTAS BNB"
46,"
                                        LOTERIA SUPERCHANCE
                                    ", R & M LOTERIAS LTDA ME, 02.840.845/0001-10, 974, loteriasuperchance@gmail.com,"SCLN 313 BL-E LJ-20,  - ASA NORTE
                                        70766-550. BRASILIA - DF
                                        (61) 32721929","Atividades Exercidas- APOSTAS EM LOTERIAS FEDERAIS- BENEFICIOS SOCIAIS, PAGAMENTO DE BOLSA FAMILIA, FGTS, INSS, SEGURO DESEMPREGO E ABONO  - CARTAO DE CREDITO CAIXA - CONTA CORRENTE E POUPANCA (PF E PJ)- CONTA POUPANCA CAIXA FACIL- EMPRESTIMOS (CONSIGNADO/CDC/CHEQUE ESPECIAL/GIRO CAIXA/CREDITO REAL FACIL)- PIX SAQUE/PIX TROCO- RECARGA CELULAR - RECEBIMENTO DE BOLETOS, CONTAS (AGUA, LUZ, TELEFONE E GAS), TRIBUTOS MUNICIPAIS, ESTADUAIS E FEDERAIS- SAQUE/DEPOSITO/TRANSFERENCIAS DE CLIENTES CAIXA, SAQUE DE CONTAS BNB"
47,"
                                        LOTERIAS MILLENNIUM
                                    ", LOTERIAS MILLENNIUM LTDA me, 03.210.269/0001-90, 2272, paulo_06df@hotmail.com,"QNM 04 CONJ B LOTE 24 LOJA, 01 - CEIL NORTE
                                        72210-040. BRASILIA - DF
                                        (61) 35817218","Atividades Exercidas- APOSTAS EM LOTERIAS FEDERAIS- BENEFICIOS SOCIAIS, PAGAMENTO DE BOLSA FAMILIA, FGTS, INSS, SEGURO DESEMPREGO E ABONO  - CONTA POUPANCA CAIXA FACIL- PIX SAQUE/PIX TROCO- RECARGA CELULAR - RECEBIMENTO DE BOLETOS, CONTAS (AGUA, LUZ, TELEFONE E GAS), TRIBUTOS MUNICIPAIS, ESTADUAIS E FEDERAIS- SAQUE/DEPOSITO/TRANSFERENCIAS DE CLIENTES CAIXA, SAQUE DE CONTAS BNB- SEGUROS DE VIDA E RESIDENCIAL, CAPITALIZACAO E CONSORCIO (VEICULOS/IMOVEIS)"
48,"
                                        LOTERICA 516 SUL
                                    ", LOTERICA 516 SUL JR LTDA ME, 02.966.481/0001-10, 1057, loterica.516sul@gmail.com,"SHCS CR QD 516 BLOCO A LOJA, 45 - ASA SUL
                                        70381-515. BRASILIA - DF
                                        (61) 33456666","Atividades Exercidas- APOSTAS EM LOTERIAS FEDERAIS- BENEFICIOS SOCIAIS, PAGAMENTO DE BOLSA FAMILIA, FGTS, INSS, SEGURO DESEMPREGO E ABONO  - CARTAO DE CREDITO CAIXA - CONTA CORRENTE E POUPANCA (PF E PJ)- CONTA POUPANCA CAIXA FACIL- EMPRESTIMOS (CONSIGNADO/CDC/CHEQUE ESPECIAL/GIRO CAIXA/CREDITO REAL FACIL)- PIX SAQUE/PIX TROCO- RECARGA CELULAR - RECEBIMENTO DE BOLETOS, CONTAS (AGUA, LUZ, TELEFONE E GAS), TRIBUTOS MUNICIPAIS, ESTADUAIS E FEDERAIS- SAQUE/DEPOSITO/TRANSFERENCIAS DE CLIENTES CAIXA, SAQUE DE CONTAS BNB"
49,"
                                        LOTERICA BICALHO
                                    ", BRASILIA COMERCIO E JOGOS LOTERICOS LTDA, 03.012.541/0001-28, 4462, raphaeldrocha@hotmail.com,"Q CND 3 LT 5, SN - TAGUATINGA NORTE
                                        72120-035. BRASILIA - DF
                                        (61) 981224969","Atividades Exercidas- APOSTAS EM LOTERIAS FEDERAIS- BENEFICIOS SOCIAIS, PAGAMENTO DE BOLSA FAMILIA, FGTS, INSS, SEGURO DESEMPREGO E ABONO  - CARTAO DE CREDITO CAIXA - CONTA CORRENTE E POUPANCA (PF E PJ)- CONTA POUPANCA CAIXA FACIL- EMPRESTIMOS (CONSIGNADO/CDC/CHEQUE ESPECIAL/GIRO CAIXA/CREDITO REAL FACIL)- PIX SAQUE/PIX TROCO- RECARGA CELULAR - RECEBIMENTO DE BOLETOS, CONTAS (AGUA, LUZ, TELEFONE E GAS), TRIBUTOS MUNICIPAIS, ESTADUAIS E FEDERAIS- SAQUE/DEPOSITO/TRANSFERENCIAS DE CLIENTES CAIXA, SAQUE DE CONTAS BNB"
50,"
                                        LOTERICA BOA SORTE
                                    ", LOTERICA BOA SORTE LTDA, 03.291.779/0001-30, 973, kalinedutra@yahoo.com.br,"AV INDEPENDENCIA Q 33 LT 04 LJ B, LJ B - PLANALTINA
                                        73301-970. BRASILIA - DF
                                        (61) 33894119","Atividades Exercidas- APOSTAS EM LOTERIAS FEDERAIS- BENEFICIOS SOCIAIS, PAGAMENTO DE BOLSA FAMILIA, FGTS, INSS, SEGURO DESEMPREGO E ABONO  - CARTAO DE CREDITO CAIXA - CONTA CORRENTE E POUPANCA (PF E PJ)- CONTA POUPANCA CAIXA FACIL- EMPRESTIMOS (CONSIGNADO/CDC/CHEQUE ESPECIAL/GIRO CAIXA/CREDITO REAL FACIL)- PIX SAQUE/PIX TROCO- RECARGA CELULAR - RECEBIMENTO DE BOLETOS, CONTAS (AGUA, LUZ, TELEFONE E GAS), TRIBUTOS MUNICIPAIS, ESTADUAIS E FEDERAIS- SAQUE/DEPOSITO/TRANSFERENCIAS DE CLIENTES CAIXA, SAQUE DE CONTAS BNB"
51,"
                                        LOTERICA DIAS MELHORES
                                    ", AGENCIA LOTERICA ROCHA LTDA, 03.286.620/0001-27, 4483, lotericadiasmelhores@hotmail.com,"QS 112 CONJ 07 LOTE 03, LJ 1e - SAMAMBAIA
                                        72302-547. BRASILIA - DF
                                        (61) 33581514","Atividades Exercidas- APOSTAS EM LOTERIAS FEDERAIS- BENEFICIOS SOCIAIS, PAGAMENTO DE BOLSA FAMILIA, FGTS, INSS, SEGURO DESEMPREGO E ABONO  - CARTAO DE CREDITO CAIXA - CONTA CORRENTE E POUPANCA (PF E PJ)- CONTA POUPANCA CAIXA FACIL- EMPRESTIMOS (CONSIGNADO/CDC/CHEQUE ESPECIAL/GIRO CAIXA/CREDITO REAL FACIL)- PIX SAQUE/PIX TROCO- RECARGA CELULAR - RECEBIMENTO DE BOLETOS, CONTAS (AGUA, LUZ, TELEFONE E GAS), TRIBUTOS MUNICIPAIS, ESTADUAIS E FEDERAIS- SAQUE/DEPOSITO/TRANSFERENCIAS DE CLIENTES CAIXA, SAQUE DE CONTAS BNB"
52,"
                                        LOTERICA NACIONAL LTDA
                                    ", LOTERICA NACIONAL LTDA, 02.779.859/0001-76, 2458, teverton.teverton@gmail.com,"SBN QUADRA 02 BL H TERREO, LJ 05 - ASA NORTE
                                        70040-904. BRASILIA - DF
                                        (61) 33264231","Atividades Exercidas- APOSTAS EM LOTERIAS FEDERAIS- BENEFICIOS SOCIAIS, PAGAMENTO DE BOLSA FAMILIA, FGTS, INSS, SEGURO DESEMPREGO E ABONO  - CONTA POUPANCA CAIXA FACIL- PIX SAQUE/PIX TROCO- RECARGA CELULAR - RECEBIMENTO DE BOLETOS, CONTAS (AGUA, LUZ, TELEFONE E GAS), TRIBUTOS MUNICIPAIS, ESTADUAIS E FEDERAIS- SAQUE/DEPOSITO/TRANSFERENCIAS DE CLIENTES CAIXA, SAQUE DE CONTAS BNB- SEGUROS DE VIDA E RESIDENCIAL, CAPITALIZACAO E CONSORCIO (VEICULOS/IMOVEIS)"
53,"
                                        LOTERICA NOVA ESPERANCA
                                    ", LOTERICA NOVA ESPERANCA LTDA, 03.229.955/0001-03, 1556, lnovaesperanca@gmail.com,"CNJ 01 BLOCO B LOJA, 10 - TAGUATINGA
                                        72140-015. BRASILIA - DF
                                        (61) 34753560","Atividades Exercidas- APOSTAS EM LOTERIAS FEDERAIS- BENEFICIOS SOCIAIS, PAGAMENTO DE BOLSA FAMILIA, FGTS, INSS, SEGURO DESEMPREGO E ABONO  - CARTAO DE CREDITO CAIXA - CONTA CORRENTE E POUPANCA (PF E PJ)- CONTA POUPANCA CAIXA FACIL- EMPRESTIMOS (CONSIGNADO/CDC/CHEQUE ESPECIAL/GIRO CAIXA/CREDITO REAL FACIL)- PIX SAQUE/PIX TROCO- RECARGA CELULAR - RECEBIMENTO DE BOLETOS, CONTAS (AGUA, LUZ, TELEFONE E GAS), TRIBUTOS MUNICIPAIS, ESTADUAIS E FEDERAIS- SAQUE/DEPOSITO/TRANSFERENCIAS DE CLIENTES CAIXA, SAQUE DE CONTAS BNB"
54,"
                                        LOTERICA SETE DE OURO
                                    ", MACHADO & MELO LOTERICA LTDA, 03.043.992/0001-22, 816, loteriabrasilia@gmail.com,"SHCS CL QD 414  BLOCO B LOJA, 29 - ASA SUL
                                        70297-520. BRASILIA - DF
                                        (61) 33466958","Atividades Exercidas- APOSTAS EM LOTERIAS FEDERAIS- BENEFICIOS SOCIAIS, PAGAMENTO DE BOLSA FAMILIA, FGTS, INSS, SEGURO DESEMPREGO E ABONO  - CONTA POUPANCA CAIXA FACIL- PIX SAQUE/PIX TROCO- RECARGA CELULAR - RECEBIMENTO DE BOLETOS, CONTAS (AGUA, LUZ, TELEFONE E GAS), TRIBUTOS MUNICIPAIS, ESTADUAIS E FEDERAIS- SAQUE/DEPOSITO/TRANSFERENCIAS DE CLIENTES CAIXA, SAQUE DE CONTAS BNB- SEGUROS DE VIDA E RESIDENCIAL, CAPITALIZACAO E CONSORCIO (VEICULOS/IMOVEIS)"
55,"
                                        LOTERICA SUDOESTE
                                    ", IOSCA VIERO LOTERIAS LTDA, 03.018.895/0001-80, 1502, lotericasudoeste102@gmail.com,"SHC/SW CLSW, 102 - SETOR SUDOESTE
                                        70670-512. BRASILIA - DF
                                        (61) 33432748","Atividades Exercidas- APOSTAS EM LOTERIAS FEDERAIS- BENEFICIOS SOCIAIS, PAGAMENTO DE BOLSA FAMILIA, FGTS, INSS, SEGURO DESEMPREGO E ABONO  - CARTAO DE CREDITO CAIXA - CONTA CORRENTE E POUPANCA (PF E PJ)- CONTA POUPANCA CAIXA FACIL- EMPRESTIMOS (CONSIGNADO/CDC/CHEQUE ESPECIAL/GIRO CAIXA/CREDITO REAL FACIL)- PIX SAQUE/PIX TROCO- RECARGA CELULAR - RECEBIMENTO DE BOLETOS, CONTAS (AGUA, LUZ, TELEFONE E GAS), TRIBUTOS MUNICIPAIS, ESTADUAIS E FEDERAIS- SAQUE/DEPOSITO/TRANSFERENCIAS DE CLIENTES CAIXA, SAQUE DE CONTAS BNB"
56,"
                                        LOTERICA TREVO DA SORTE
                                    ", LOTERICA TREVO DA SORTE LTDA, 02.966.774/0001-05, 4331, trevoloterica@gmail.com,"QN 07F CONJ 07 LOTE 28 LOJA, 001 - RIACHO FUNDO II
                                        71880-067. BRASILIA - DF
                                        (61) 33341454","Atividades Exercidas- APOSTAS EM LOTERIAS FEDERAIS- BENEFICIOS SOCIAIS, PAGAMENTO DE BOLSA FAMILIA, FGTS, INSS, SEGURO DESEMPREGO E ABONO  - CARTAO DE CREDITO CAIXA - CONTA CORRENTE E POUPANCA (PF E PJ)- CONTA POUPANCA CAIXA FACIL- EMPRESTIMOS (CONSIGNADO/CDC/CHEQUE ESPECIAL/GIRO CAIXA/CREDITO REAL FACIL)- PIX SAQUE/PIX TROCO- RECARGA CELULAR - RECEBIMENTO DE BOLETOS, CONTAS (AGUA, LUZ, TELEFONE E GAS), TRIBUTOS MUNICIPAIS, ESTADUAIS E FEDERAIS- SAQUE/DEPOSITO/TRANSFERENCIAS DE CLIENTES CAIXA, SAQUE DE CONTAS BNB"
57,"
                                        LOTERICA TRILHA DA SORTE
                                    ", CASA LOTERICA TRILHA DA SORTE, 03.334.811/0001-17, 4166, jairmegaloto@gmail.com,"EQNP 30/34 BL C LT 01, LJ 01 - P SUL - CEILANDIA
                                        72236-503. BRASILIA - DF
                                        (61) 33769191","Atividades Exercidas- APOSTAS EM LOTERIAS FEDERAIS- BENEFICIOS SOCIAIS, PAGAMENTO DE BOLSA FAMILIA, FGTS, INSS, SEGURO DESEMPREGO E ABONO  - CONTA POUPANCA CAIXA FACIL- PIX SAQUE/PIX TROCO- RECARGA CELULAR - RECEBIMENTO DE BOLETOS, CONTAS (AGUA, LUZ, TELEFONE E GAS), TRIBUTOS MUNICIPAIS, ESTADUAIS E FEDERAIS- SAQUE/DEPOSITO/TRANSFERENCIAS DE CLIENTES CAIXA, SAQUE DE CONTAS BNB- SEGUROS DE VIDA E RESIDENCIAL, CAPITALIZACAO E CONSORCIO (VEICULOS/IMOVEIS)"
58,"
                                        MEGA SORTE
                                    ", SAITO & SAITO LTDA, 03.244.056/0001-80, 1057, saitoesaito@gmail.com,"SHCS CR 512 BLOCO C LOJA, 39 - ASA SUL
                                        70361-525. BRASILIA - DF
                                        (61) 33631995","Atividades Exercidas- APOSTAS EM LOTERIAS FEDERAIS- BENEFICIOS SOCIAIS, PAGAMENTO DE BOLSA FAMILIA, FGTS, INSS, SEGURO DESEMPREGO E ABONO  - CONTA POUPANCA CAIXA FACIL- PIX SAQUE/PIX TROCO- RECARGA CELULAR - RECEBIMENTO DE BOLETOS, CONTAS (AGUA, LUZ, TELEFONE E GAS), TRIBUTOS MUNICIPAIS, ESTADUAIS E FEDERAIS- SAQUE/DEPOSITO/TRANSFERENCIAS DE CLIENTES CAIXA, SAQUE DE CONTAS BNB- SEGUROS DE VIDA E RESIDENCIAL, CAPITALIZACAO E CONSORCIO (VEICULOS/IMOVEIS)"
59,"
                                        TERRACO LOTERIAS LTDA ME
                                    ", TERRACO LOTERIAS LTDA ME, 03.253.876/0001-38, 1502, terracoloterias@yahoo.com.br,"SHC/AOS  2/8 LOJA 176, 05 - OCTOGONAL
                                        70660-090. BRASILIA - DF
                                        (61) 33613854","Atividades Exercidas- APOSTAS EM LOTERIAS FEDERAIS- BENEFICIOS SOCIAIS, PAGAMENTO DE BOLSA FAMILIA, FGTS, INSS, SEGURO DESEMPREGO E ABONO  - CARTAO DE CREDITO CAIXA - CONTA CORRENTE E POUPANCA (PF E PJ)- CONTA POUPANCA CAIXA FACIL- EMPRESTIMOS (CONSIGNADO/CDC/CHEQUE ESPECIAL/GIRO CAIXA/CREDITO REAL FACIL)- PIX SAQUE/PIX TROCO- RECARGA CELULAR - RECEBIMENTO DE BOLETOS, CONTAS (AGUA, LUZ, TELEFONE E GAS), TRIBUTOS MUNICIPAIS, ESTADUAIS E FEDERAIS- SAQUE/DEPOSITO/TRANSFERENCIAS DE CLIENTES CAIXA, SAQUE DE CONTAS BNB"
60,"
                                        CASA LOTERICA C 8
                                    ", LOTERICA C 8 LTDA, 03.741.000/0001-30, 8, mariobatista4@gmail.com,"C 8 LOTE 17 LOJA, 1-B - TAGUATINGA CENTRO
                                        72010-080. BRASILIA - DF
                                        (61) 32020808","Atividades Exercidas- APOSTAS EM LOTERIAS FEDERAIS- BENEFICIOS SOCIAIS, PAGAMENTO DE BOLSA FAMILIA, FGTS, INSS, SEGURO DESEMPREGO E ABONO  - CARTAO DE CREDITO CAIXA - CONTA CORRENTE E POUPANCA (PF E PJ)- CONTA POUPANCA CAIXA FACIL- EMPRESTIMOS (CONSIGNADO/CDC/CHEQUE ESPECIAL/GIRO CAIXA/CREDITO REAL FACIL)- PIX SAQUE/PIX TROCO- RECARGA CELULAR - RECEBIMENTO DE BOLETOS, CONTAS (AGUA, LUZ, TELEFONE E GAS), TRIBUTOS MUNICIPAIS, ESTADUAIS E FEDERAIS- SAQUE/DEPOSITO/TRANSFERENCIAS DE CLIENTES CAIXA, SAQUE DE CONTAS BNB"
61,"
                                        CASA LOTERICA CRISTALINA
                                    ", M.R.C LOTERIAS LTDA, 03.484.767/0001-21, 1556, mrcloterias@gmail.com,"EQNL 1/3 BL D LJ, 04 - L NORTE
                                        72150-500. BRASILIA - DF
                                        (61) 33365325","Atividades Exercidas- APOSTAS EM LOTERIAS FEDERAIS- BENEFICIOS SOCIAIS, PAGAMENTO DE BOLSA FAMILIA, FGTS, INSS, SEGURO DESEMPREGO E ABONO  - CARTAO DE CREDITO CAIXA - CONTA CORRENTE E POUPANCA (PF E PJ)- CONTA POUPANCA CAIXA FACIL- EMPRESTIMOS (CONSIGNADO/CDC/CHEQUE ESPECIAL/GIRO CAIXA/CREDITO REAL FACIL)- PIX SAQUE/PIX TROCO- RECARGA CELULAR - RECEBIMENTO DE BOLETOS, CONTAS (AGUA, LUZ, TELEFONE E GAS), TRIBUTOS MUNICIPAIS, ESTADUAIS E FEDERAIS- SAQUE/DEPOSITO/TRANSFERENCIAS DE CLIENTES CAIXA, SAQUE DE CONTAS BNB"
62,"
                                        LIDER LOTERICA
                                    ", ANPRI S SERVICOS LOTERICOS LTD, 03.572.746/0002-49, 688, lider_loterica@hotmail.com,"AV CENTRAL  LOTE LD, 227 - NUCLEO BANDEIRANTE
                                        71705-500. BRASILIA - DF
                                        (61) 35522823","Atividades Exercidas- APOSTAS EM LOTERIAS FEDERAIS- BENEFICIOS SOCIAIS, PAGAMENTO DE BOLSA FAMILIA, FGTS, INSS, SEGURO DESEMPREGO E ABONO  - CONTA POUPANCA CAIXA FACIL- PIX SAQUE/PIX TROCO- RECARGA CELULAR - RECEBIMENTO DE BOLETOS, CONTAS (AGUA, LUZ, TELEFONE E GAS), TRIBUTOS MUNICIPAIS, ESTADUAIS E FEDERAIS- SAQUE/DEPOSITO/TRANSFERENCIAS DE CLIENTES CAIXA, SAQUE DE CONTAS BNB- SEGUROS DE VIDA E RESIDENCIAL, CAPITALIZACAO E CONSORCIO (VEICULOS/IMOVEIS)"
63,"
                                        LIDER LOTERICA
                                    ", ANPRIS SERV LOTERICOS LTDA, 03.572.746/0001-68, 688, lider_loterica@hotmail.com,"AV CENTRAL LOTE  560/566, 01 - CENTRO
                                        71705-500. BRASILIA - DF
                                        (61) 35524911","Atividades Exercidas- APOSTAS EM LOTERIAS FEDERAIS- BENEFICIOS SOCIAIS, PAGAMENTO DE BOLSA FAMILIA, FGTS, INSS, SEGURO DESEMPREGO E ABONO  - CARTAO DE CREDITO CAIXA - CONTA CORRENTE E POUPANCA (PF E PJ)- CONTA POUPANCA CAIXA FACIL- EMPRESTIMOS (CONSIGNADO/CDC/CHEQUE ESPECIAL/GIRO CAIXA/CREDITO REAL FACIL)- PIX SAQUE/PIX TROCO- RECARGA CELULAR - RECEBIMENTO DE BOLETOS, CONTAS (AGUA, LUZ, TELEFONE E GAS), TRIBUTOS MUNICIPAIS, ESTADUAIS E FEDERAIS- SAQUE/DEPOSITO/TRANSFERENCIAS DE CLIENTES CAIXA, SAQUE DE CONTAS BNB"
64,"
                                        LOTERIA CHAVE OURO
                                    ", CASA LOT CHAVE OURO, 03.602.109/0001-97, 6, loteriasul108@gmail.com,"CLS 108 BLOCO B LOJA, 05 - ASA SUL
                                        70347-520. BRASILIA - DF
                                        (61) 32253476","Atividades Exercidas- APOSTAS EM LOTERIAS FEDERAIS- BENEFICIOS SOCIAIS, PAGAMENTO DE BOLSA FAMILIA, FGTS, INSS, SEGURO DESEMPREGO E ABONO  - CARTAO DE CREDITO CAIXA - CONTA CORRENTE E POUPANCA (PF E PJ)- CONTA POUPANCA CAIXA FACIL- EMPRESTIMOS (CONSIGNADO/CDC/CHEQUE ESPECIAL/GIRO CAIXA/CREDITO REAL FACIL)- PIX SAQUE/PIX TROCO- RECARGA CELULAR - RECEBIMENTO DE BOLETOS, CONTAS (AGUA, LUZ, TELEFONE E GAS), TRIBUTOS MUNICIPAIS, ESTADUAIS E FEDERAIS- SAQUE/DEPOSITO/TRANSFERENCIAS DE CLIENTES CAIXA, SAQUE DE CONTAS BNB"
65,"
                                        LOTERIA FILA DA SORTE
                                    ", SAMUEL CREDMANN e FILHOS LTDA, 03.617.107/0001-71, 630, credmann.loterica@gmail.com,"ESTACAO  RODOVIARIA DO PLANO PILOTO, 1 01 - ASA NORTE
                                        70089-000. BRASILIA - DF
                                        (61) 33229434","Atividades Exercidas- APOSTAS EM LOTERIAS FEDERAIS- BENEFICIOS SOCIAIS, PAGAMENTO DE BOLSA FAMILIA, FGTS, INSS, SEGURO DESEMPREGO E ABONO  - CARTAO DE CREDITO CAIXA - CONTA CORRENTE E POUPANCA (PF E PJ)- CONTA POUPANCA CAIXA FACIL- EMPRESTIMOS (CONSIGNADO/CDC/CHEQUE ESPECIAL/GIRO CAIXA/CREDITO REAL FACIL)- PIX SAQUE/PIX TROCO- RECARGA CELULAR - RECEBIMENTO DE BOLETOS, CONTAS (AGUA, LUZ, TELEFONE E GAS), TRIBUTOS MUNICIPAIS, ESTADUAIS E FEDERAIS- SAQUE/DEPOSITO/TRANSFERENCIAS DE CLIENTES CAIXA, SAQUE DE CONTAS BNB"
66,"
                                        LOTERIA SMART
                                    ", LOTERIA SMART LTDA, 03.648.183/0001-44, 974, smart.diretoria13@gmail.com,"ST STN CJ A, SN - ASA NORTE
                                        70770-100. BRASILIA - DF
                                        (66) 981114244","Atividades Exercidas- APOSTAS EM LOTERIAS FEDERAIS- BENEFICIOS SOCIAIS, PAGAMENTO DE BOLSA FAMILIA, FGTS, INSS, SEGURO DESEMPREGO E ABONO  - CONTA POUPANCA CAIXA FACIL- PIX SAQUE/PIX TROCO- RECARGA CELULAR - RECEBIMENTO DE BOLETOS, CONTAS (AGUA, LUZ, TELEFONE E GAS), TRIBUTOS MUNICIPAIS, ESTADUAIS E FEDERAIS- SAQUE/DEPOSITO/TRANSFERENCIAS DE CLIENTES CAIXA, SAQUE DE CONTAS BNB- SEGUROS DE VIDA E RESIDENCIAL, CAPITALIZACAO E CONSORCIO (VEICULOS/IMOVEIS)"
67,"
                                        LOTERICA LAGO SUL
                                    ", LOTERICA LAGO SUL LTDA, 03.688.941/0001-58, 2893, loteriaqi13@gmail.com,"SHIS QI 13 BLOCO J LOJA, 1A - LAGO SUL
                                        71635-013. BRASILIA - DF
                                        (61) 33640377","Atividades Exercidas- APOSTAS EM LOTERIAS FEDERAIS- BENEFICIOS SOCIAIS, PAGAMENTO DE BOLSA FAMILIA, FGTS, INSS, SEGURO DESEMPREGO E ABONO  - CARTAO DE CREDITO CAIXA - CONTA CORRENTE E POUPANCA (PF E PJ)- CONTA POUPANCA CAIXA FACIL- EMPRESTIMOS (CONSIGNADO/CDC/CHEQUE ESPECIAL/GIRO CAIXA/CREDITO REAL FACIL)- PIX SAQUE/PIX TROCO- RECARGA CELULAR - RECEBIMENTO DE BOLETOS, CONTAS (AGUA, LUZ, TELEFONE E GAS), TRIBUTOS MUNICIPAIS, ESTADUAIS E FEDERAIS- SAQUE/DEPOSITO/TRANSFERENCIAS DE CLIENTES CAIXA, SAQUE DE CONTAS BNB"
68,"
                                        LOTERICA NOVA AMAZONAS
                                    ", LOTERICA NOVA AMAZONAS LTDA ME, 03.798.830/0001-02, 1041, sirleide.fs@hotmail.com,"SCS QUADRA 05 BLOCO B LOJA, 13 - ASA SUL
                                        70300-908. BRASILIA - DF
                                        (61) 30323252","Atividades Exercidas- APOSTAS EM LOTERIAS FEDERAIS- BENEFICIOS SOCIAIS, PAGAMENTO DE BOLSA FAMILIA, FGTS, INSS, SEGURO DESEMPREGO E ABONO  - CARTAO DE CREDITO CAIXA - CONTA CORRENTE E POUPANCA (PF E PJ)- CONTA POUPANCA CAIXA FACIL- EMPRESTIMOS (CONSIGNADO/CDC/CHEQUE ESPECIAL/GIRO CAIXA/CREDITO REAL FACIL)- PIX SAQUE/PIX TROCO- RECARGA CELULAR - RECEBIMENTO DE BOLETOS, CONTAS (AGUA, LUZ, TELEFONE E GAS), TRIBUTOS MUNICIPAIS, ESTADUAIS E FEDERAIS- SAQUE/DEPOSITO/TRANSFERENCIAS DE CLIENTES CAIXA, SAQUE DE CONTAS BNB"
69,"
                                        LOTERICA SETOR O
                                    ", LOTERICA SETOR O LTDA, 03.569.034/0001-90, 2272, loteriasolange@gmail.com,"Q EQNO 2/4 BLOCO B, SN - CEILANDIA NORTE
                                        72250-532. BRASILIA - DF
                                        (61) 35850931","Atividades Exercidas- APOSTAS EM LOTERIAS FEDERAIS- BENEFICIOS SOCIAIS, PAGAMENTO DE BOLSA FAMILIA, FGTS, INSS, SEGURO DESEMPREGO E ABONO  - CONTA POUPANCA CAIXA FACIL- PIX SAQUE/PIX TROCO- RECARGA CELULAR - RECEBIMENTO DE BOLETOS, CONTAS (AGUA, LUZ, TELEFONE E GAS), TRIBUTOS MUNICIPAIS, ESTADUAIS E FEDERAIS- SAQUE/DEPOSITO/TRANSFERENCIAS DE CLIENTES CAIXA, SAQUE DE CONTAS BNB- SEGUROS DE VIDA E RESIDENCIAL, CAPITALIZACAO E CONSORCIO (VEICULOS/IMOVEIS)"
70,"
                                        LOTERICA SETOR O FILIAL
                                    ", LOTERICA SETOR O LTDA, 03.569.034/0002-70, 2272, loteriasolange@gmail.com,"EQNM 24 E 26 BL A LT, 5 - CEILANDIA
                                        72210-581. BRASILIA - DF
                                        (61) 35850931","Atividades Exercidas- APOSTAS EM LOTERIAS FEDERAIS- BENEFICIOS SOCIAIS, PAGAMENTO DE BOLSA FAMILIA, FGTS, INSS, SEGURO DESEMPREGO E ABONO  - CONTA POUPANCA CAIXA FACIL- PIX SAQUE/PIX TROCO- RECARGA CELULAR - RECEBIMENTO DE BOLETOS, CONTAS (AGUA, LUZ, TELEFONE E GAS), TRIBUTOS MUNICIPAIS, ESTADUAIS E FEDERAIS- SAQUE/DEPOSITO/TRANSFERENCIAS DE CLIENTES CAIXA, SAQUE DE CONTAS BNB- SEGUROS DE VIDA E RESIDENCIAL, CAPITALIZACAO E CONSORCIO (VEICULOS/IMOVEIS)"
71,"
                                        LOTERICA SHOW DE BOLA
                                    ", CASA LOTERICA SHOW DE BOLA LTDA ME, 03.560.217/0001-44, 2272, showdebolam@gmail.com,"EQNN 02/04 BL A LOJA, 04 - BRASILIA
                                        72220-025. BRASILIA - DF
                                        (61) 39658949","Atividades Exercidas- APOSTAS EM LOTERIAS FEDERAIS- BENEFICIOS SOCIAIS, PAGAMENTO DE BOLSA FAMILIA, FGTS, INSS, SEGURO DESEMPREGO E ABONO  - CONTA POUPANCA CAIXA FACIL- PIX SAQUE/PIX TROCO- RECARGA CELULAR - RECEBIMENTO DE BOLETOS, CONTAS (AGUA, LUZ, TELEFONE E GAS), TRIBUTOS MUNICIPAIS, ESTADUAIS E FEDERAIS- SAQUE/DEPOSITO/TRANSFERENCIAS DE CLIENTES CAIXA, SAQUE DE CONTAS BNB- SEGUROS DE VIDA E RESIDENCIAL, CAPITALIZACAO E CONSORCIO (VEICULOS/IMOVEIS)"
72,"
                                        LOTERICA SORRISO
                                    ", LOTERICA SORRISO LTDA, 03.464.403/0001-80, 4166, lotsorriso@gmail.com,"EQNO 13/15 BLOCO A LOJA, 06-A - SETOR O
                                        72255-521. BRASILIA - DF
                                        (61) 35852133","Atividades Exercidas- APOSTAS EM LOTERIAS FEDERAIS- BENEFICIOS SOCIAIS, PAGAMENTO DE BOLSA FAMILIA, FGTS, INSS, SEGURO DESEMPREGO E ABONO  - CONTA POUPANCA CAIXA FACIL- PIX SAQUE/PIX TROCO- RECARGA CELULAR - RECEBIMENTO DE BOLETOS, CONTAS (AGUA, LUZ, TELEFONE E GAS), TRIBUTOS MUNICIPAIS, ESTADUAIS E FEDERAIS- SAQUE/DEPOSITO/TRANSFERENCIAS DE CLIENTES CAIXA, SAQUE DE CONTAS BNB- SEGUROS DE VIDA E RESIDENCIAL, CAPITALIZACAO E CONSORCIO (VEICULOS/IMOVEIS)"
73,"
                                        LOTERICA SUPER SORTE
                                    ", CASA LOTERICA SAO TOME LTDA, 03.581.428/0001-63, 655, lotericasupersorte@hotmail.com,"MERCADO 2 LOJA, 11 - GAMA
                                        72460-000. BRASILIA - DF
                                        (61) 33851456","Atividades Exercidas- APOSTAS EM LOTERIAS FEDERAIS- BENEFICIOS SOCIAIS, PAGAMENTO DE BOLSA FAMILIA, FGTS, INSS, SEGURO DESEMPREGO E ABONO  - CARTAO DE CREDITO CAIXA - CONTA CORRENTE E POUPANCA (PF E PJ)- CONTA POUPANCA CAIXA FACIL- EMPRESTIMOS (CONSIGNADO/CDC/CHEQUE ESPECIAL/GIRO CAIXA/CREDITO REAL FACIL)- PIX SAQUE/PIX TROCO- RECARGA CELULAR - RECEBIMENTO DE BOLETOS, CONTAS (AGUA, LUZ, TELEFONE E GAS), TRIBUTOS MUNICIPAIS, ESTADUAIS E FEDERAIS- SAQUE/DEPOSITO/TRANSFERENCIAS DE CLIENTES CAIXA, SAQUE DE CONTAS BNB"
74,"
                                        RANGEL N RANGEL
                                    ", RANGEL & NOGUEIRA RANGEL LTDA ME, 03.619.913/0001-89, 688, lotericarangel@hotmail.com,"BOX 16/18 MERCADO BANDEIRANTE, 16/18 - NUCLEO BANDEIRANTE
                                        71700-000. BRASILIA - DF
                                        (61) 35521993","Atividades Exercidas- APOSTAS EM LOTERIAS FEDERAIS- BENEFICIOS SOCIAIS, PAGAMENTO DE BOLSA FAMILIA, FGTS, INSS, SEGURO DESEMPREGO E ABONO  - CARTAO DE CREDITO CAIXA - CONTA CORRENTE E POUPANCA (PF E PJ)- CONTA POUPANCA CAIXA FACIL- EMPRESTIMOS (CONSIGNADO/CDC/CHEQUE ESPECIAL/GIRO CAIXA/CREDITO REAL FACIL)- PIX SAQUE/PIX TROCO- RECARGA CELULAR - RECEBIMENTO DE BOLETOS, CONTAS (AGUA, LUZ, TELEFONE E GAS), TRIBUTOS MUNICIPAIS, ESTADUAIS E FEDERAIS- SAQUE/DEPOSITO/TRANSFERENCIAS DE CLIENTES CAIXA, SAQUE DE CONTAS BNB"
75,"
                                        BIG SORTE
                                    ", LOTERIA 408 NORTE LTDA, 04.037.018/0001-19, 7, loto05@bigbox.com.br,"SHCN EQ 408/409 Bloco A, 1 - ASA NORTE
                                        70855-400. BRASILIA - DF
                                        (61) 33498531","Atividades Exercidas- APOSTAS EM LOTERIAS FEDERAIS- BENEFICIOS SOCIAIS, PAGAMENTO DE BOLSA FAMILIA, FGTS, INSS, SEGURO DESEMPREGO E ABONO  - CONTA POUPANCA CAIXA FACIL- PIX SAQUE/PIX TROCO- RECARGA CELULAR - RECEBIMENTO DE BOLETOS, CONTAS (AGUA, LUZ, TELEFONE E GAS), TRIBUTOS MUNICIPAIS, ESTADUAIS E FEDERAIS- SAQUE/DEPOSITO/TRANSFERENCIAS DE CLIENTES CAIXA, SAQUE DE CONTAS BNB- SEGUROS DE VIDA E RESIDENCIAL, CAPITALIZACAO E CONSORCIO (VEICULOS/IMOVEIS)"
76,"
                                        CIA DA SORTE
                                    ", LOTERIAS GAMP ASA SUL LTDA, 03.894.019/0001-17, 1041, lpatriotame@uol.com.br,"Q SCS QD 7 BL A, SN - ASA SUL
                                        70307-902. BRASILIA - DF
                                        (61) 32241904","Atividades Exercidas- APOSTAS EM LOTERIAS FEDERAIS- BENEFICIOS SOCIAIS, PAGAMENTO DE BOLSA FAMILIA, FGTS, INSS, SEGURO DESEMPREGO E ABONO  - CARTAO DE CREDITO CAIXA - CONTA CORRENTE E POUPANCA (PF E PJ)- CONTA POUPANCA CAIXA FACIL- EMPRESTIMOS (CONSIGNADO/CDC/CHEQUE ESPECIAL/GIRO CAIXA/CREDITO REAL FACIL)- PIX SAQUE/PIX TROCO- RECARGA CELULAR - RECEBIMENTO DE BOLETOS, CONTAS (AGUA, LUZ, TELEFONE E GAS), TRIBUTOS MUNICIPAIS, ESTADUAIS E FEDERAIS- SAQUE/DEPOSITO/TRANSFERENCIAS DE CLIENTES CAIXA, SAQUE DE CONTAS BNB"
77,"
                                        CORUJINHA
                                    ", XINGU LOTERIAS LTDA ME, 04.398.870/0001-11, 674, loteriacorujinha2014@gmail.com,"QD CC QI 05 BLOCO E LJ, 24 - LAGO SUL
                                        71600-500. BRASILIA - DF
                                        (61) 32575962","Atividades Exercidas- APOSTAS EM LOTERIAS FEDERAIS- BENEFICIOS SOCIAIS, PAGAMENTO DE BOLSA FAMILIA, FGTS, INSS, SEGURO DESEMPREGO E ABONO  - CARTAO DE CREDITO CAIXA - CONTA CORRENTE E POUPANCA (PF E PJ)- CONTA POUPANCA CAIXA FACIL- EMPRESTIMOS (CONSIGNADO/CDC/CHEQUE ESPECIAL/GIRO CAIXA/CREDITO REAL FACIL)- PIX SAQUE/PIX TROCO- RECARGA CELULAR - RECEBIMENTO DE BOLETOS, CONTAS (AGUA, LUZ, TELEFONE E GAS), TRIBUTOS MUNICIPAIS, ESTADUAIS E FEDERAIS- SAQUE/DEPOSITO/TRANSFERENCIAS DE CLIENTES CAIXA, SAQUE DE CONTAS BNB"
78,"
                                        ESQUINA DA SORTE
                                    ", BARBOSA LOTERICA LTDA, 03.863.846/0001-43, 2304, barbosaloterica@hotmail.com,"QN 7 AE 01 LOJA, 03 - QN
                                        71805-731. BRASILIA - DF
                                        (61) 985995113","Atividades Exercidas- APOSTAS EM LOTERIAS FEDERAIS- BENEFICIOS SOCIAIS, PAGAMENTO DE BOLSA FAMILIA, FGTS, INSS, SEGURO DESEMPREGO E ABONO  - CARTAO DE CREDITO CAIXA - CONTA CORRENTE E POUPANCA (PF E PJ)- CONTA POUPANCA CAIXA FACIL- EMPRESTIMOS (CONSIGNADO/CDC/CHEQUE ESPECIAL/GIRO CAIXA/CREDITO REAL FACIL)- PIX SAQUE/PIX TROCO- RECARGA CELULAR - RECEBIMENTO DE BOLETOS, CONTAS (AGUA, LUZ, TELEFONE E GAS), TRIBUTOS MUNICIPAIS, ESTADUAIS E FEDERAIS- SAQUE/DEPOSITO/TRANSFERENCIAS DE CLIENTES CAIXA, SAQUE DE CONTAS BNB"
79,"
                                        FADA LOTERICA
                                    ", FADA LOTERICA LTDA, 04.651.633/0001-10, 2272, fada.loterica@hotmail.com,"CNH 01 LOTE 13 LOJA, 01 - TAG NORTE
                                        72130-515. BRASILIA - DF
                                        (61) 33546083","Atividades Exercidas- APOSTAS EM LOTERIAS FEDERAIS- BENEFICIOS SOCIAIS, PAGAMENTO DE BOLSA FAMILIA, FGTS, INSS, SEGURO DESEMPREGO E ABONO  - CONTA POUPANCA CAIXA FACIL- PIX SAQUE/PIX TROCO- RECARGA CELULAR - RECEBIMENTO DE BOLETOS, CONTAS (AGUA, LUZ, TELEFONE E GAS), TRIBUTOS MUNICIPAIS, ESTADUAIS E FEDERAIS- SAQUE/DEPOSITO/TRANSFERENCIAS DE CLIENTES CAIXA, SAQUE DE CONTAS BNB- SEGUROS DE VIDA E RESIDENCIAL, CAPITALIZACAO E CONSORCIO (VEICULOS/IMOVEIS)"
80,"
                                        GATO DA SORTE
                                    ", GATO DA SORTE LOTERIAS LTDA, 04.223.280/0001-58, 2407, gatodasorteloterias@gmail.com,"SIA TRECHO 3 LT 625/695 LJ 25-A, S/N - SIA
                                        71200-030. BRASILIA - DF
                                        (61) 992931738","Atividades Exercidas- APOSTAS EM LOTERIAS FEDERAIS- BENEFICIOS SOCIAIS, PAGAMENTO DE BOLSA FAMILIA, FGTS, INSS, SEGURO DESEMPREGO E ABONO  - CARTAO DE CREDITO CAIXA - CONTA CORRENTE E POUPANCA (PF E PJ)- CONTA POUPANCA CAIXA FACIL- EMPRESTIMOS (CONSIGNADO/CDC/CHEQUE ESPECIAL/GIRO CAIXA/CREDITO REAL FACIL)- PIX SAQUE/PIX TROCO- RECARGA CELULAR - RECEBIMENTO DE BOLETOS, CONTAS (AGUA, LUZ, TELEFONE E GAS), TRIBUTOS MUNICIPAIS, ESTADUAIS E FEDERAIS- SAQUE/DEPOSITO/TRANSFERENCIAS DE CLIENTES CAIXA, SAQUE DE CONTAS BNB"
81,"
                                        LOTERIA ENCONTRO DA SORTE
                                    ", AZZI LOTERIAS LTDA, 04.025.294/0001-67, 655, lotericaencontrodasorte@hotmail.com,"QUADRA 42 LOTE 19 LOJA B, B - GAMA
                                        72465-420. BRASILIA - DF
                                        (61) 33844052","Atividades Exercidas- APOSTAS EM LOTERIAS FEDERAIS- BENEFICIOS SOCIAIS, PAGAMENTO DE BOLSA FAMILIA, FGTS, INSS, SEGURO DESEMPREGO E ABONO  - CARTAO DE CREDITO CAIXA - CONTA CORRENTE E POUPANCA (PF E PJ)- CONTA POUPANCA CAIXA FACIL- EMPRESTIMOS (CONSIGNADO/CDC/CHEQUE ESPECIAL/GIRO CAIXA/CREDITO REAL FACIL)- PIX SAQUE/PIX TROCO- RECARGA CELULAR - RECEBIMENTO DE BOLETOS, CONTAS (AGUA, LUZ, TELEFONE E GAS), TRIBUTOS MUNICIPAIS, ESTADUAIS E FEDERAIS- SAQUE/DEPOSITO/TRANSFERENCIAS DE CLIENTES CAIXA, SAQUE DE CONTAS BNB"
82,"
                                        LOTERIA SAO JOSE
                                    ", LOTERIA SAO JOSE LTDA ME, 04.384.777/0001-58, 972, brunojaimovich@hotmail.com  karenjaimovich@hotmail,"AR 09 CONJUNTO 1A LT 14 LJ 02, 02 - SOBRADINHO
                                        73062-021. BRASILIA - DF
                                        (61) 74001272","Atividades Exercidas- APOSTAS EM LOTERIAS FEDERAIS- BENEFICIOS SOCIAIS, PAGAMENTO DE BOLSA FAMILIA, FGTS, INSS, SEGURO DESEMPREGO E ABONO  - CARTAO DE CREDITO CAIXA - CONTA CORRENTE E POUPANCA (PF E PJ)- CONTA POUPANCA CAIXA FACIL- EMPRESTIMOS (CONSIGNADO/CDC/CHEQUE ESPECIAL/GIRO CAIXA/CREDITO REAL FACIL)- PIX SAQUE/PIX TROCO- RECARGA CELULAR - RECEBIMENTO DE BOLETOS, CONTAS (AGUA, LUZ, TELEFONE E GAS), TRIBUTOS MUNICIPAIS, ESTADUAIS E FEDERAIS- SAQUE/DEPOSITO/TRANSFERENCIAS DE CLIENTES CAIXA, SAQUE DE CONTAS BNB"
83,"
                                        LOTERICA JB
                                    ", ABRAO MERCANTIL LTDA, 04.506.950/0001-43, 674, escritoriocentral14@gmail.com,"SMDB SUL CONJ 12 LT 01 PARTE TERREO, 1 - LAGO SUL
                                        71680-120. BRASILIA - DF
                                        (61) 33664806","Atividades Exercidas- APOSTAS EM LOTERIAS FEDERAIS- BENEFICIOS SOCIAIS, PAGAMENTO DE BOLSA FAMILIA, FGTS, INSS, SEGURO DESEMPREGO E ABONO  - CARTAO DE CREDITO CAIXA - CONTA CORRENTE E POUPANCA (PF E PJ)- CONTA POUPANCA CAIXA FACIL- EMPRESTIMOS (CONSIGNADO/CDC/CHEQUE ESPECIAL/GIRO CAIXA/CREDITO REAL FACIL)- PIX SAQUE/PIX TROCO- RECARGA CELULAR - RECEBIMENTO DE BOLETOS, CONTAS (AGUA, LUZ, TELEFONE E GAS), TRIBUTOS MUNICIPAIS, ESTADUAIS E FEDERAIS- SAQUE/DEPOSITO/TRANSFERENCIAS DE CLIENTES CAIXA, SAQUE DE CONTAS BNB"
84,"
                                        LOTERICA MARIANA
                                    ", CASA LOTERICA SORTE NOSSA LTDA, 04.637.048/0001-66, 3310, humberto.farmanossa@gmail.com,"QUADRA 47 LOTE 01 DEL LAGO, 01 - ITAPOA
                                        71591-385. BRASILIA - DF
                                        (61) 0","Atividades Exercidas- APOSTAS EM LOTERIAS FEDERAIS- BENEFICIOS SOCIAIS, PAGAMENTO DE BOLSA FAMILIA, FGTS, INSS, SEGURO DESEMPREGO E ABONO  - CARTAO DE CREDITO CAIXA - CONTA CORRENTE E POUPANCA (PF E PJ)- CONTA POUPANCA CAIXA FACIL- EMPRESTIMOS (CONSIGNADO/CDC/CHEQUE ESPECIAL/GIRO CAIXA/CREDITO REAL FACIL)- PIX SAQUE/PIX TROCO- RECARGA CELULAR - RECEBIMENTO DE BOLETOS, CONTAS (AGUA, LUZ, TELEFONE E GAS), TRIBUTOS MUNICIPAIS, ESTADUAIS E FEDERAIS- SAQUE/DEPOSITO/TRANSFERENCIAS DE CLIENTES CAIXA, SAQUE DE CONTAS BNB"
85,"
                                        LOTERICA TRILHA CERTA
                                    ", LOTERICA TRILHA CERTA LTDA, 04.600.566/0001-05, 2403, bbloterias@outlook.com,"Q SHCN CL QD 303 BLOCO A LOJA, 06 - ASA NORTE
                                        70735-510. BRASILIA - DF
                                        (61) 39632424","Atividades Exercidas- APOSTAS EM LOTERIAS FEDERAIS- BENEFICIOS SOCIAIS, PAGAMENTO DE BOLSA FAMILIA, FGTS, INSS, SEGURO DESEMPREGO E ABONO  - CONTA POUPANCA CAIXA FACIL- PIX SAQUE/PIX TROCO- RECARGA CELULAR - RECEBIMENTO DE BOLETOS, CONTAS (AGUA, LUZ, TELEFONE E GAS), TRIBUTOS MUNICIPAIS, ESTADUAIS E FEDERAIS- SAQUE/DEPOSITO/TRANSFERENCIAS DE CLIENTES CAIXA, SAQUE DE CONTAS BNB- SEGUROS DE VIDA E RESIDENCIAL, CAPITALIZACAO E CONSORCIO (VEICULOS/IMOVEIS)"
86,"
                                        MAGIA DA SORTE
                                    ", LOTERICA MAGIA DA SORTE LTDA, 03.894.280/0001-17, 7, lotericamagiadasorte@gmail.com,"Q SHCGN CLR QDA, 711 - ASA NORTE
                                        70750-551. BRASILIA - DF
                                        (61) 33400683","Atividades Exercidas- APOSTAS EM LOTERIAS FEDERAIS- BENEFICIOS SOCIAIS, PAGAMENTO DE BOLSA FAMILIA, FGTS, INSS, SEGURO DESEMPREGO E ABONO  - CONTA POUPANCA CAIXA FACIL- PIX SAQUE/PIX TROCO- RECARGA CELULAR - RECEBIMENTO DE BOLETOS, CONTAS (AGUA, LUZ, TELEFONE E GAS), TRIBUTOS MUNICIPAIS, ESTADUAIS E FEDERAIS- SAQUE/DEPOSITO/TRANSFERENCIAS DE CLIENTES CAIXA, SAQUE DE CONTAS BNB- SEGUROS DE VIDA E RESIDENCIAL, CAPITALIZACAO E CONSORCIO (VEICULOS/IMOVEIS)"
87,"
                                        NOSSA SENHORA APARECIDA LOTERICA
                                    ", NOSSA SENHORA APARECIDA LOTERICA LTDA, 04.327.390/0001-60, 643, nossasenhoraaparecida.nossasen@gmail.com,"QE 17 BLOCO A, SN - GUARA II
                                        71050-612. BRASILIA - DF
                                        (61) 35672250","Atividades Exercidas- APOSTAS EM LOTERIAS FEDERAIS- BENEFICIOS SOCIAIS, PAGAMENTO DE BOLSA FAMILIA, FGTS, INSS, SEGURO DESEMPREGO E ABONO  - CONTA POUPANCA CAIXA FACIL- PIX SAQUE/PIX TROCO- RECARGA CELULAR - RECEBIMENTO DE BOLETOS, CONTAS (AGUA, LUZ, TELEFONE E GAS), TRIBUTOS MUNICIPAIS, ESTADUAIS E FEDERAIS- SAQUE/DEPOSITO/TRANSFERENCIAS DE CLIENTES CAIXA, SAQUE DE CONTAS BNB- SEGUROS DE VIDA E RESIDENCIAL, CAPITALIZACAO E CONSORCIO (VEICULOS/IMOVEIS)"
88,"
                                        RUBI LOTERICA
                                    ", RUBI LOTERICA LTDA, 04.605.708/0001-27, 3001, rubiloterica@gmail.com,"Q CL 202 LT B 10 LOJA 2, 2 - SANTA MARIA
                                        72502-222. BRASILIA - DF
                                        (61) 33922623","Atividades Exercidas- APOSTAS EM LOTERIAS FEDERAIS- BENEFICIOS SOCIAIS, PAGAMENTO DE BOLSA FAMILIA, FGTS, INSS, SEGURO DESEMPREGO E ABONO  - CARTAO DE CREDITO CAIXA - CONTA CORRENTE E POUPANCA (PF E PJ)- CONTA POUPANCA CAIXA FACIL- EMPRESTIMOS (CONSIGNADO/CDC/CHEQUE ESPECIAL/GIRO CAIXA/CREDITO REAL FACIL)- PIX SAQUE/PIX TROCO- RECARGA CELULAR - RECEBIMENTO DE BOLETOS, CONTAS (AGUA, LUZ, TELEFONE E GAS), TRIBUTOS MUNICIPAIS, ESTADUAIS E FEDERAIS- SAQUE/DEPOSITO/TRANSFERENCIAS DE CLIENTES CAIXA, SAQUE DE CONTAS BNB"
89,"
                                        TREZE DA SORTE
                                    ", MRS LOTERICA LTDA, 04.016.974/0001-14, 664, mrsloterica@hotmail.com,"SHCN EQ 402/403 BLOCO A LOJA 01,  - ASA NORTE
                                        70834-000. BRASILIA - DF
                                        (61) 33284095","Atividades Exercidas- APOSTAS EM LOTERIAS FEDERAIS- BENEFICIOS SOCIAIS, PAGAMENTO DE BOLSA FAMILIA, FGTS, INSS, SEGURO DESEMPREGO E ABONO  - CARTAO DE CREDITO CAIXA - CONTA CORRENTE E POUPANCA (PF E PJ)- CONTA POUPANCA CAIXA FACIL- EMPRESTIMOS (CONSIGNADO/CDC/CHEQUE ESPECIAL/GIRO CAIXA/CREDITO REAL FACIL)- PIX SAQUE/PIX TROCO- RECARGA CELULAR - RECEBIMENTO DE BOLETOS, CONTAS (AGUA, LUZ, TELEFONE E GAS), TRIBUTOS MUNICIPAIS, ESTADUAIS E FEDERAIS- SAQUE/DEPOSITO/TRANSFERENCIAS DE CLIENTES CAIXA, SAQUE DE CONTAS BNB"
90,"
                                        CAMISA 10
                                    ", LOTERIA DOIS DA SORTE LTDA, 05.052.232/0001-07, 647, camisa10loteria@gmail.com,"SHCS CL 202 BLOCO B LOJA 04,  - ASA SUL
                                        70232-525. BRASILIA - DF
                                        (61) 33211021","Atividades Exercidas- APOSTAS EM LOTERIAS FEDERAIS- BENEFICIOS SOCIAIS, PAGAMENTO DE BOLSA FAMILIA, FGTS, INSS, SEGURO DESEMPREGO E ABONO  - CARTAO DE CREDITO CAIXA - CONTA CORRENTE E POUPANCA (PF E PJ)- CONTA POUPANCA CAIXA FACIL- EMPRESTIMOS (CONSIGNADO/CDC/CHEQUE ESPECIAL/GIRO CAIXA/CREDITO REAL FACIL)- PIX SAQUE/PIX TROCO- RECARGA CELULAR - RECEBIMENTO DE BOLETOS, CONTAS (AGUA, LUZ, TELEFONE E GAS), TRIBUTOS MUNICIPAIS, ESTADUAIS E FEDERAIS- SAQUE/DEPOSITO/TRANSFERENCIAS DE CLIENTES CAIXA, SAQUE DE CONTAS BNB"
91,"
                                        CASSINO LOTERIAS
                                    ", CASSINO LOTERIAS LTDA - ME, 05.005.991/0001-19, 816, cassino.loterias@uol.com.br,"SHCS CL QD 310 BL C LJ, 20 - ASA SUL
                                        70363-530. BRASILIA - DF
                                        (61) 32443698","Atividades Exercidas- APOSTAS EM LOTERIAS FEDERAIS- BENEFICIOS SOCIAIS, PAGAMENTO DE BOLSA FAMILIA, FGTS, INSS, SEGURO DESEMPREGO E ABONO  - CARTAO DE CREDITO CAIXA - CONTA CORRENTE E POUPANCA (PF E PJ)- CONTA POUPANCA CAIXA FACIL- EMPRESTIMOS (CONSIGNADO/CDC/CHEQUE ESPECIAL/GIRO CAIXA/CREDITO REAL FACIL)- PIX SAQUE/PIX TROCO- RECARGA CELULAR - RECEBIMENTO DE BOLETOS, CONTAS (AGUA, LUZ, TELEFONE E GAS), TRIBUTOS MUNICIPAIS, ESTADUAIS E FEDERAIS- SAQUE/DEPOSITO/TRANSFERENCIAS DE CLIENTES CAIXA, SAQUE DE CONTAS BNB"
92,"
                                        ESTACAO DA SORTE
                                    ", MULTIPLENA COMERCIO E SERVICOS LTDA, 04.936.559/0002-60, 4166, multiplena2@yahoo.com.br,"Q QNN 24 CONJUNTO A S/N, S/N - CEILANDIA SUL CEILANDIA
                                        72220-241. BRASILIA - DF
                                        (61) 981350967","Atividades Exercidas- APOSTAS EM LOTERIAS FEDERAIS- BENEFICIOS SOCIAIS, PAGAMENTO DE BOLSA FAMILIA, FGTS, INSS, SEGURO DESEMPREGO E ABONO  - CONTA POUPANCA CAIXA FACIL- PIX SAQUE/PIX TROCO- RECARGA CELULAR - RECEBIMENTO DE BOLETOS, CONTAS (AGUA, LUZ, TELEFONE E GAS), TRIBUTOS MUNICIPAIS, ESTADUAIS E FEDERAIS- SAQUE/DEPOSITO/TRANSFERENCIAS DE CLIENTES CAIXA, SAQUE DE CONTAS BNB- SEGUROS DE VIDA E RESIDENCIAL, CAPITALIZACAO E CONSORCIO (VEICULOS/IMOVEIS)"
93,"
                                        LOTERIA UNIAO
                                    ", TCR LOTERIAS LTDA, 05.089.988/0001-20, 1040, tcrloteria@hotmail.com,"Q 3 BL B LT 3/4 LJ, 2 - BRAZLANDIA
                                        72705-030. BRASILIA - DF
                                        (61) 985118594","Atividades Exercidas- APOSTAS EM LOTERIAS FEDERAIS- BENEFICIOS SOCIAIS, PAGAMENTO DE BOLSA FAMILIA, FGTS, INSS, SEGURO DESEMPREGO E ABONO  - CARTAO DE CREDITO CAIXA - CONTA CORRENTE E POUPANCA (PF E PJ)- CONTA POUPANCA CAIXA FACIL- EMPRESTIMOS (CONSIGNADO/CDC/CHEQUE ESPECIAL/GIRO CAIXA/CREDITO REAL FACIL)- PIX SAQUE/PIX TROCO- RECARGA CELULAR - RECEBIMENTO DE BOLETOS, CONTAS (AGUA, LUZ, TELEFONE E GAS), TRIBUTOS MUNICIPAIS, ESTADUAIS E FEDERAIS- SAQUE/DEPOSITO/TRANSFERENCIAS DE CLIENTES CAIXA, SAQUE DE CONTAS BNB"
94,"
                                        LOTERIAS ESPERANCA
                                    ", LOTERIAS ESPERANCA LTDA, 05.020.717/0001-19, 2399, paiva.ronaldo09@gmail.com,"QS 03 RUA 420 LT 02 BOX, 09 - AGUAS CLARAS
                                        71953-100. BRASILIA - DF
                                        (61) 991624728","Atividades Exercidas- APOSTAS EM LOTERIAS FEDERAIS- BENEFICIOS SOCIAIS, PAGAMENTO DE BOLSA FAMILIA, FGTS, INSS, SEGURO DESEMPREGO E ABONO  - CONTA POUPANCA CAIXA FACIL- PIX SAQUE/PIX TROCO- RECARGA CELULAR - RECEBIMENTO DE BOLETOS, CONTAS (AGUA, LUZ, TELEFONE E GAS), TRIBUTOS MUNICIPAIS, ESTADUAIS E FEDERAIS- SAQUE/DEPOSITO/TRANSFERENCIAS DE CLIENTES CAIXA, SAQUE DE CONTAS BNB- SEGUROS DE VIDA E RESIDENCIAL, CAPITALIZACAO E CONSORCIO (VEICULOS/IMOVEIS)"
95,"
                                        LOTERICA CENTRAL
                                    ", CASA LOTERICA CENTRAL LTDA, 05.125.998/0001-74, 2403, lotericacentral2000@gmail.com,"SCS QD 8 SN BL B 60 LJ2, 60 - ASA SUL
                                        70308-000. BRASILIA - DF
                                        (61) 33224850","Atividades Exercidas- APOSTAS EM LOTERIAS FEDERAIS- BENEFICIOS SOCIAIS, PAGAMENTO DE BOLSA FAMILIA, FGTS, INSS, SEGURO DESEMPREGO E ABONO  - CONTA POUPANCA CAIXA FACIL- PIX SAQUE/PIX TROCO- RECARGA CELULAR - RECEBIMENTO DE BOLETOS, CONTAS (AGUA, LUZ, TELEFONE E GAS), TRIBUTOS MUNICIPAIS, ESTADUAIS E FEDERAIS- SAQUE/DEPOSITO/TRANSFERENCIAS DE CLIENTES CAIXA, SAQUE DE CONTAS BNB- SEGUROS DE VIDA E RESIDENCIAL, CAPITALIZACAO E CONSORCIO (VEICULOS/IMOVEIS)"
96,"
                                        LOTERICA DOM BOSCO
                                    ", UNIDADE LOTERICA DOM BOSCO LTDA, 04.655.589/0001-17, 3513, lotericadombosco@yahoo.com.br,"QDRA 29 CJ 21 LT 18 LJ 02, 02 - PARANOA
                                        71573-017. BRASILIA - DF
                                        (0) 33693454","Atividades Exercidas- APOSTAS EM LOTERIAS FEDERAIS- BENEFICIOS SOCIAIS, PAGAMENTO DE BOLSA FAMILIA, FGTS, INSS, SEGURO DESEMPREGO E ABONO  - CARTAO DE CREDITO CAIXA - CONTA CORRENTE E POUPANCA (PF E PJ)- CONTA POUPANCA CAIXA FACIL- EMPRESTIMOS (CONSIGNADO/CDC/CHEQUE ESPECIAL/GIRO CAIXA/CREDITO REAL FACIL)- PIX SAQUE/PIX TROCO- RECARGA CELULAR - RECEBIMENTO DE BOLETOS, CONTAS (AGUA, LUZ, TELEFONE E GAS), TRIBUTOS MUNICIPAIS, ESTADUAIS E FEDERAIS- SAQUE/DEPOSITO/TRANSFERENCIAS DE CLIENTES CAIXA, SAQUE DE CONTAS BNB"
97,"
                                        LOTERICA ESPLANADA
                                    ", ESPLANADA BANCA DE JORNAIS E LOTERICA LT, 05.372.055/0001-46, 863, esplanadaloteria@yahoo.com.br,"ESPLANADA DOS MINISTERIOS SN,  - ZONA CIVICO ADMINISTRATIVA
                                        70046-900. BRASILIA - DF
                                        (61) 33866254","Atividades Exercidas- APOSTAS EM LOTERIAS FEDERAIS- BENEFICIOS SOCIAIS, PAGAMENTO DE BOLSA FAMILIA, FGTS, INSS, SEGURO DESEMPREGO E ABONO  - CARTAO DE CREDITO CAIXA - CONTA CORRENTE E POUPANCA (PF E PJ)- CONTA POUPANCA CAIXA FACIL- EMPRESTIMOS (CONSIGNADO/CDC/CHEQUE ESPECIAL/GIRO CAIXA/CREDITO REAL FACIL)- FINANCIAMENTO HABITACIONAL (SBPE/FGTS)- PIX SAQUE/PIX TROCO- RECARGA CELULAR - RECEBIMENTO DE BOLETOS, CONTAS (AGUA, LUZ, TELEFONE E GAS), TRIBUTOS MUNICIPAIS, ESTADUAIS E FEDERAIS"
98,"
                                        LOTERICA GLOBO
                                    ", CASA LOTERICA PEREIRA E ARAUJO LTDA, 05.200.374/0001-74, 8, junioroptagua@gmail.com,"CNA 01 LOTE 07, 01 - SETOR NORTE
                                        72110-015. BRASILIA - DF
                                        (61) 35614258","Atividades Exercidas- APOSTAS EM LOTERIAS FEDERAIS- BENEFICIOS SOCIAIS, PAGAMENTO DE BOLSA FAMILIA, FGTS, INSS, SEGURO DESEMPREGO E ABONO  - CARTAO DE CREDITO CAIXA - CONTA CORRENTE E POUPANCA (PF E PJ)- CONTA POUPANCA CAIXA FACIL- EMPRESTIMOS (CONSIGNADO/CDC/CHEQUE ESPECIAL/GIRO CAIXA/CREDITO REAL FACIL)- PIX SAQUE/PIX TROCO- RECARGA CELULAR - RECEBIMENTO DE BOLETOS, CONTAS (AGUA, LUZ, TELEFONE E GAS), TRIBUTOS MUNICIPAIS, ESTADUAIS E FEDERAIS- SAQUE/DEPOSITO/TRANSFERENCIAS DE CLIENTES CAIXA, SAQUE DE CONTAS BNB"
99,"
                                        LOTERICA JADE
                                    ", LOTERICA JADE LTDA, 05.037.594/0001-29, 7, ailtoncbarbosa@yahoo.com.br,"SCLN  210 BLOCO A LOJA, 09 - ASA NORTE
                                        70854-510. BRASILIA - DF
                                        (61) 982022010","Atividades Exercidas- APOSTAS EM LOTERIAS FEDERAIS- BENEFICIOS SOCIAIS, PAGAMENTO DE BOLSA FAMILIA, FGTS, INSS, SEGURO DESEMPREGO E ABONO  - CONTA POUPANCA CAIXA FACIL- PIX SAQUE/PIX TROCO- RECARGA CELULAR - RECEBIMENTO DE BOLETOS, CONTAS (AGUA, LUZ, TELEFONE E GAS), TRIBUTOS MUNICIPAIS, ESTADUAIS E FEDERAIS- SAQUE/DEPOSITO/TRANSFERENCIAS DE CLIENTES CAIXA, SAQUE DE CONTAS BNB- SEGUROS DE VIDA E RESIDENCIAL, CAPITALIZACAO E CONSORCIO (VEICULOS/IMOVEIS)"
100,"
                                        LOTERICA TAGUACENTER
                                    ", AGENCIA LOTERICA TAGUACENTER LTDA, 05.232.929/0001-60, 1556, lotericastaguacenter@hotmail.com,"CNG 2 LOTE 13 14, LJ 1 - TAGUATINGA NORTE
                                        72130-025. BRASILIA - DF
                                        (61) 30363574","Atividades Exercidas- APOSTAS EM LOTERIAS FEDERAIS- BENEFICIOS SOCIAIS, PAGAMENTO DE BOLSA FAMILIA, FGTS, INSS, SEGURO DESEMPREGO E ABONO  - CARTAO DE CREDITO CAIXA - CONTA CORRENTE E POUPANCA (PF E PJ)- CONTA POUPANCA CAIXA FACIL- EMPRESTIMOS (CONSIGNADO/CDC/CHEQUE ESPECIAL/GIRO CAIXA/CREDITO REAL FACIL)- PIX SAQUE/PIX TROCO- RECARGA CELULAR - RECEBIMENTO DE BOLETOS, CONTAS (AGUA, LUZ, TELEFONE E GAS), TRIBUTOS MUNICIPAIS, ESTADUAIS E FEDERAIS- SAQUE/DEPOSITO/TRANSFERENCIAS DE CLIENTES CAIXA, SAQUE DE CONTAS BNB"
101,"
                                        LOTERICA VICENTE PIRES
                                    ", LOTERIAS C 12 LTDA, 05.405.792/0001-06, 8, lucia.da.araujo@gmail.com,"R 4A CHACARA 109, LT01 - SETOR HABITACIONAL VICENTE PIRES
                                        72006-241. BRASILIA - DF
                                        (61) 39674939","Atividades Exercidas- APOSTAS EM LOTERIAS FEDERAIS- BENEFICIOS SOCIAIS, PAGAMENTO DE BOLSA FAMILIA, FGTS, INSS, SEGURO DESEMPREGO E ABONO  - CARTAO DE CREDITO CAIXA - CONTA CORRENTE E POUPANCA (PF E PJ)- CONTA POUPANCA CAIXA FACIL- EMPRESTIMOS (CONSIGNADO/CDC/CHEQUE ESPECIAL/GIRO CAIXA/CREDITO REAL FACIL)- PIX SAQUE/PIX TROCO- RECARGA CELULAR - RECEBIMENTO DE BOLETOS, CONTAS (AGUA, LUZ, TELEFONE E GAS), TRIBUTOS MUNICIPAIS, ESTADUAIS E FEDERAIS- SAQUE/DEPOSITO/TRANSFERENCIAS DE CLIENTES CAIXA, SAQUE DE CONTAS BNB"
102,"
                                        LOTO SIA
                                    ", LOTO SIA LOTERIAS LTDA, 04.843.956/0001-06, 2407, lotosia@hotmail.com,"QD 4C BL J, 51 - SIA SUL
                                        71200-045. BRASILIA - DF
                                        (61) 30344488","Atividades Exercidas- APOSTAS EM LOTERIAS FEDERAIS- BENEFICIOS SOCIAIS, PAGAMENTO DE BOLSA FAMILIA, FGTS, INSS, SEGURO DESEMPREGO E ABONO  - CONTA POUPANCA CAIXA FACIL- PIX SAQUE/PIX TROCO- RECARGA CELULAR - RECEBIMENTO DE BOLETOS, CONTAS (AGUA, LUZ, TELEFONE E GAS), TRIBUTOS MUNICIPAIS, ESTADUAIS E FEDERAIS- SAQUE/DEPOSITO/TRANSFERENCIAS DE CLIENTES CAIXA, SAQUE DE CONTAS BNB- SEGUROS DE VIDA E RESIDENCIAL, CAPITALIZACAO E CONSORCIO (VEICULOS/IMOVEIS)"
103,"
                                        PARANOA LOTERICA
                                    ", LOTERICA PARANOA LTDA, 04.840.447/0001-20, 3513, claudiaconden@gmail.com,"QUADRA 18 CONJ 12 LT, 13 - PARANOA
                                        71571-800. BRASILIA - DF
                                        (61) 95577648","Atividades Exercidas- APOSTAS EM LOTERIAS FEDERAIS- BENEFICIOS SOCIAIS, PAGAMENTO DE BOLSA FAMILIA, FGTS, INSS, SEGURO DESEMPREGO E ABONO  - CARTAO DE CREDITO CAIXA - CONTA CORRENTE E POUPANCA (PF E PJ)- CONTA POUPANCA CAIXA FACIL- EMPRESTIMOS (CONSIGNADO/CDC/CHEQUE ESPECIAL/GIRO CAIXA/CREDITO REAL FACIL)- PIX SAQUE/PIX TROCO- RECARGA CELULAR - RECEBIMENTO DE BOLETOS, CONTAS (AGUA, LUZ, TELEFONE E GAS), TRIBUTOS MUNICIPAIS, ESTADUAIS E FEDERAIS- SAQUE/DEPOSITO/TRANSFERENCIAS DE CLIENTES CAIXA, SAQUE DE CONTAS BNB"
104,"
                                        SORTE EXTRA
                                    ", LOTERIA SORTE EXTRA LTDA - ME, 05.294.496/0001-77, 2407, loteriasorteextradf@gmail.com,"TR SIA TRECHO 12 LOTE 105, 105 - ZONA INDUSTRIAL - GUARA
                                        71200-110. BRASILIA - DF
                                        (61) 33633621","Atividades Exercidas- APOSTAS EM LOTERIAS FEDERAIS- BENEFICIOS SOCIAIS, PAGAMENTO DE BOLSA FAMILIA, FGTS, INSS, SEGURO DESEMPREGO E ABONO  - CARTAO DE CREDITO CAIXA - CONTA CORRENTE E POUPANCA (PF E PJ)- CONTA POUPANCA CAIXA FACIL- EMPRESTIMOS (CONSIGNADO/CDC/CHEQUE ESPECIAL/GIRO CAIXA/CREDITO REAL FACIL)- PIX SAQUE/PIX TROCO- RECARGA CELULAR - RECEBIMENTO DE BOLETOS, CONTAS (AGUA, LUZ, TELEFONE E GAS), TRIBUTOS MUNICIPAIS, ESTADUAIS E FEDERAIS- SAQUE/DEPOSITO/TRANSFERENCIAS DE CLIENTES CAIXA, SAQUE DE CONTAS BNB"
105,"
                                        BANCA DE JORNAL E CASA LOTERICA BURITI
                                    ", BANCA DE JORNAL E CASA LOTERICA BURITI L, 07.129.525/0001-70, 2403, loteriaburiti1@gmail.com,"PRACA MUNICIPAL BANCA DE REVISTAS, SN - BRASILIA/DF
                                        70075-900. BRASILIA - DF
                                        (61) 85557420","Atividades Exercidas- APOSTAS EM LOTERIAS FEDERAIS- BENEFICIOS SOCIAIS, PAGAMENTO DE BOLSA FAMILIA, FGTS, INSS, SEGURO DESEMPREGO E ABONO  - CARTAO DE CREDITO CAIXA - CONTA CORRENTE E POUPANCA (PF E PJ)- CONTA POUPANCA CAIXA FACIL- EMPRESTIMOS (CONSIGNADO/CDC/CHEQUE ESPECIAL/GIRO CAIXA/CREDITO REAL FACIL)- PIX SAQUE/PIX TROCO- RECARGA CELULAR - RECEBIMENTO DE BOLETOS, CONTAS (AGUA, LUZ, TELEFONE E GAS), TRIBUTOS MUNICIPAIS, ESTADUAIS E FEDERAIS- SAQUE/DEPOSITO/TRANSFERENCIAS DE CLIENTES CAIXA, SAQUE DE CONTAS BNB"
106,"
                                        CASA DA SORTE
                                    ", SORTE & SORTE LOTERIAS LTDA ME, 05.437.210/0001-65, 643, suporte@loteriasorte.com,"QE 26 BL A, 18 - GUARA II
                                        71060-611. BRASILIA - DF
                                        (61) 35974114","Atividades Exercidas- APOSTAS EM LOTERIAS FEDERAIS- BENEFICIOS SOCIAIS, PAGAMENTO DE BOLSA FAMILIA, FGTS, INSS, SEGURO DESEMPREGO E ABONO  - CARTAO DE CREDITO CAIXA - CONTA CORRENTE E POUPANCA (PF E PJ)- CONTA POUPANCA CAIXA FACIL- EMPRESTIMOS (CONSIGNADO/CDC/CHEQUE ESPECIAL/GIRO CAIXA/CREDITO REAL FACIL)- FINANCIAMENTO HABITACIONAL (SBPE/FGTS)- PIX SAQUE/PIX TROCO- RECARGA CELULAR - RECEBIMENTO DE BOLETOS, CONTAS (AGUA, LUZ, TELEFONE E GAS), TRIBUTOS MUNICIPAIS, ESTADUAIS E FEDERAIS"
107,"
                                        CASA LOTERICA REAL FORTUNA
                                    ", CASA LOTERICA REAL FORTUNA LTDA, 05.435.835/0001-98, 2272, rfortuna.extra@gmail.com,"Q QNM 1 CJ H LT 18, SN - CEILANDIA SUL  CEILANDIA
                                        72215-018. BRASILIA - DF
                                        (61) 32562773","Atividades Exercidas- APOSTAS EM LOTERIAS FEDERAIS- BENEFICIOS SOCIAIS, PAGAMENTO DE BOLSA FAMILIA, FGTS, INSS, SEGURO DESEMPREGO E ABONO  - CARTAO DE CREDITO CAIXA - CONTA CORRENTE E POUPANCA (PF E PJ)- CONTA POUPANCA CAIXA FACIL- EMPRESTIMOS (CONSIGNADO/CDC/CHEQUE ESPECIAL/GIRO CAIXA/CREDITO REAL FACIL)- PIX SAQUE/PIX TROCO- RECARGA CELULAR - RECEBIMENTO DE BOLETOS, CONTAS (AGUA, LUZ, TELEFONE E GAS), TRIBUTOS MUNICIPAIS, ESTADUAIS E FEDERAIS- SAQUE/DEPOSITO/TRANSFERENCIAS DE CLIENTES CAIXA, SAQUE DE CONTAS BNB"
108,"
                                        JUNIOR LOTERIAS LTDA
                                    ", JUNIOR LOTERIAS LTDA, 05.620.035/0001-47, 1502, jloterias@gmail.com,"Q CLSW 304 BLOCO A, SN - SETOR SUDOESTE
                                        70673-631. BRASILIA - DF
                                        (61) 33414004","Atividades Exercidas- APOSTAS EM LOTERIAS FEDERAIS- BENEFICIOS SOCIAIS, PAGAMENTO DE BOLSA FAMILIA, FGTS, INSS, SEGURO DESEMPREGO E ABONO  - CARTAO DE CREDITO CAIXA - CONTA CORRENTE E POUPANCA (PF E PJ)- CONTA POUPANCA CAIXA FACIL- EMPRESTIMOS (CONSIGNADO/CDC/CHEQUE ESPECIAL/GIRO CAIXA/CREDITO REAL FACIL)- FINANCIAMENTO HABITACIONAL (SBPE/FGTS)- PIX SAQUE/PIX TROCO- RECARGA CELULAR - RECEBIMENTO DE BOLETOS, CONTAS (AGUA, LUZ, TELEFONE E GAS), TRIBUTOS MUNICIPAIS, ESTADUAIS E FEDERAIS"
109,"
                                        LOBATO LOTERIAS
                                    ", LOBATO LOTERIAS LTDA, 05.436.908/0001-66, 1985, ,"QUADRA 205 CONJUNTO 09 LOTE, 13 - RECANTO DAS EMAS
                                        72610-509. BRASILIA - DF
                                        (61) 34344094","Atividades Exercidas- APOSTAS EM LOTERIAS FEDERAIS- BENEFICIOS SOCIAIS, PAGAMENTO DE BOLSA FAMILIA, FGTS, INSS, SEGURO DESEMPREGO E ABONO  - CONTA POUPANCA CAIXA FACIL- PIX SAQUE/PIX TROCO- RECARGA CELULAR - RECEBIMENTO DE BOLETOS, CONTAS (AGUA, LUZ, TELEFONE E GAS), TRIBUTOS MUNICIPAIS, ESTADUAIS E FEDERAIS- SAQUE/DEPOSITO/TRANSFERENCIAS DE CLIENTES CAIXA, SAQUE DE CONTAS BNB- SEGUROS DE VIDA E RESIDENCIAL, CAPITALIZACAO E CONSORCIO (VEICULOS/IMOVEIS)"
110,"
                                        LOTERIA 106
                                    ", CASA LOTERICA 106 SUL LTDA, 05.945.692/0001-64, 6, claudiobalvares@hotmail.com,"SHCS CL QD 106 BL B LJ, 25 - ASA SUL
                                        70345-520. BRASILIA - DF
                                        (61) 32444848","Atividades Exercidas- APOSTAS EM LOTERIAS FEDERAIS- BENEFICIOS SOCIAIS, PAGAMENTO DE BOLSA FAMILIA, FGTS, INSS, SEGURO DESEMPREGO E ABONO  - CONTA POUPANCA CAIXA FACIL- PIX SAQUE/PIX TROCO- RECARGA CELULAR - RECEBIMENTO DE BOLETOS, CONTAS (AGUA, LUZ, TELEFONE E GAS), TRIBUTOS MUNICIPAIS, ESTADUAIS E FEDERAIS- SAQUE/DEPOSITO/TRANSFERENCIAS DE CLIENTES CAIXA, SAQUE DE CONTAS BNB- SEGUROS DE VIDA E RESIDENCIAL, CAPITALIZACAO E CONSORCIO (VEICULOS/IMOVEIS)"
111,"
                                        LOTERIA DO ZICO
                                    ", LOTERIAS CASA NOVA LTDA, 06.986.789/0001-88, 655, ligiaalex6@gmail.com,"Q 24 LOJA, 03 - GAMA
                                        72460-240. BRASILIA - DF
                                        (61) 33847585","Atividades Exercidas- APOSTAS EM LOTERIAS FEDERAIS- BENEFICIOS SOCIAIS, PAGAMENTO DE BOLSA FAMILIA, FGTS, INSS, SEGURO DESEMPREGO E ABONO  - CARTAO DE CREDITO CAIXA - CONTA CORRENTE E POUPANCA (PF E PJ)- CONTA POUPANCA CAIXA FACIL- EMPRESTIMOS (CONSIGNADO/CDC/CHEQUE ESPECIAL/GIRO CAIXA/CREDITO REAL FACIL)- PIX SAQUE/PIX TROCO- RECARGA CELULAR - RECEBIMENTO DE BOLETOS, CONTAS (AGUA, LUZ, TELEFONE E GAS), TRIBUTOS MUNICIPAIS, ESTADUAIS E FEDERAIS- SAQUE/DEPOSITO/TRANSFERENCIAS DE CLIENTES CAIXA, SAQUE DE CONTAS BNB"
112,"
                                        LOTERIA QI 25
                                    ", WANDS LOTERIAS LTDA, 07.115.817/0001-54, 674, loteriaqi25@gmail.com,"QI 25 BLOCO D LJ, 34 - Lago Sul
                                        71600-200. BRASILIA - DF
                                        (61) 33677332","Atividades Exercidas- APOSTAS EM LOTERIAS FEDERAIS- BENEFICIOS SOCIAIS, PAGAMENTO DE BOLSA FAMILIA, FGTS, INSS, SEGURO DESEMPREGO E ABONO  - CARTAO DE CREDITO CAIXA - CONTA CORRENTE E POUPANCA (PF E PJ)- CONTA POUPANCA CAIXA FACIL- EMPRESTIMOS (CONSIGNADO/CDC/CHEQUE ESPECIAL/GIRO CAIXA/CREDITO REAL FACIL)- PIX SAQUE/PIX TROCO- RECARGA CELULAR - RECEBIMENTO DE BOLETOS, CONTAS (AGUA, LUZ, TELEFONE E GAS), TRIBUTOS MUNICIPAIS, ESTADUAIS E FEDERAIS- SAQUE/DEPOSITO/TRANSFERENCIAS DE CLIENTES CAIXA, SAQUE DE CONTAS BNB"
113,"
                                        LOTERIAS FLAMINGO
                                    ", JKV LOTERIAS LTDA, 05.952.479/0001-80, 4460, keilacristinaalencar@hotmail.com,"SPM NORTE EPIA LOTE 04 LOJA T18,  - LAGO NORTE
                                        71560-100. BRASILIA - DF
                                        (61) 33023698","Atividades Exercidas- APOSTAS EM LOTERIAS FEDERAIS- BENEFICIOS SOCIAIS, PAGAMENTO DE BOLSA FAMILIA, FGTS, INSS, SEGURO DESEMPREGO E ABONO  - CARTAO DE CREDITO CAIXA - CONTA CORRENTE E POUPANCA (PF E PJ)- CONTA POUPANCA CAIXA FACIL- EMPRESTIMOS (CONSIGNADO/CDC/CHEQUE ESPECIAL/GIRO CAIXA/CREDITO REAL FACIL)- PIX SAQUE/PIX TROCO- RECARGA CELULAR - RECEBIMENTO DE BOLETOS, CONTAS (AGUA, LUZ, TELEFONE E GAS), TRIBUTOS MUNICIPAIS, ESTADUAIS E FEDERAIS- SAQUE/DEPOSITO/TRANSFERENCIAS DE CLIENTES CAIXA, SAQUE DE CONTAS BNB"
114,"
                                        LOTERICA AGUAS CLARAS
                                    ", LOTERICA AGUAS CLARAS LTDA, 07.029.722/0001-18, 3494, loteriaaguasclaras@gmail.com,"AV DAS ARAUC LTS 1835 1905 1955 E, 2005 - AGUAS CLARAS
                                        71936-250. BRASILIA - DF
                                        (61) 983514454","Atividades Exercidas- APOSTAS EM LOTERIAS FEDERAIS- BENEFICIOS SOCIAIS, PAGAMENTO DE BOLSA FAMILIA, FGTS, INSS, SEGURO DESEMPREGO E ABONO  - CARTAO DE CREDITO CAIXA - CONTA CORRENTE E POUPANCA (PF E PJ)- CONTA POUPANCA CAIXA FACIL- EMPRESTIMOS (CONSIGNADO/CDC/CHEQUE ESPECIAL/GIRO CAIXA/CREDITO REAL FACIL)- PIX SAQUE/PIX TROCO- RECARGA CELULAR - RECEBIMENTO DE BOLETOS, CONTAS (AGUA, LUZ, TELEFONE E GAS), TRIBUTOS MUNICIPAIS, ESTADUAIS E FEDERAIS- SAQUE/DEPOSITO/TRANSFERENCIAS DE CLIENTES CAIXA, SAQUE DE CONTAS BNB"
115,"
                                        LOTERICA CONJUNTO NACIONAL
                                    ", CNB LOTERIAS LTDA, 05.901.876/0001-22, 630, erasmomelo12@gmail.com,"SDN CONJUNTO A LOJA S-62 SUBSOLO,  - ASA NORTE
                                        70077-000. BRASILIA - DF
                                        (61) 33272889","Atividades Exercidas- APOSTAS EM LOTERIAS FEDERAIS- BENEFICIOS SOCIAIS, PAGAMENTO DE BOLSA FAMILIA, FGTS, INSS, SEGURO DESEMPREGO E ABONO  - CARTAO DE CREDITO CAIXA - CONTA CORRENTE E POUPANCA (PF E PJ)- CONTA POUPANCA CAIXA FACIL- EMPRESTIMOS (CONSIGNADO/CDC/CHEQUE ESPECIAL/GIRO CAIXA/CREDITO REAL FACIL)- PIX SAQUE/PIX TROCO- RECARGA CELULAR - RECEBIMENTO DE BOLETOS, CONTAS (AGUA, LUZ, TELEFONE E GAS), TRIBUTOS MUNICIPAIS, ESTADUAIS E FEDERAIS- SAQUE/DEPOSITO/TRANSFERENCIAS DE CLIENTES CAIXA, SAQUE DE CONTAS BNB"
116,"
                                        LOTERICA GUARA SORTE
                                    ", LOTERICA GUARA SORTE LTDA ME, 07.124.442/0001-99, 643, loterica.guarasorte@gmail.com,"SRIA QE 02 AREA ESPECIAL K,  - GUARA I
                                        71010-711. BRASILIA - DF
                                        (61) 33836633","Atividades Exercidas- APOSTAS EM LOTERIAS FEDERAIS- BENEFICIOS SOCIAIS, PAGAMENTO DE BOLSA FAMILIA, FGTS, INSS, SEGURO DESEMPREGO E ABONO  - CARTAO DE CREDITO CAIXA - CONTA CORRENTE E POUPANCA (PF E PJ)- CONTA POUPANCA CAIXA FACIL- EMPRESTIMOS (CONSIGNADO/CDC/CHEQUE ESPECIAL/GIRO CAIXA/CREDITO REAL FACIL)- PIX SAQUE/PIX TROCO- RECARGA CELULAR - RECEBIMENTO DE BOLETOS, CONTAS (AGUA, LUZ, TELEFONE E GAS), TRIBUTOS MUNICIPAIS, ESTADUAIS E FEDERAIS- SAQUE/DEPOSITO/TRANSFERENCIAS DE CLIENTES CAIXA, SAQUE DE CONTAS BNB"
117,"
                                        LOTERICA MAGIA DA SORTE
                                    ", LOTERIAS BRASILIA LTDA-ME, 06.071.384/0001-10, 688, lotericasbrasilia@yahoo.com,"QE 32 BLOCO A, 22 - GUARA II
                                        71065-621. BRASILIA - DF
                                        (61) 33816211","Atividades Exercidas- APOSTAS EM LOTERIAS FEDERAIS- BENEFICIOS SOCIAIS, PAGAMENTO DE BOLSA FAMILIA, FGTS, INSS, SEGURO DESEMPREGO E ABONO  - CARTAO DE CREDITO CAIXA - CONTA CORRENTE E POUPANCA (PF E PJ)- CONTA POUPANCA CAIXA FACIL- EMPRESTIMOS (CONSIGNADO/CDC/CHEQUE ESPECIAL/GIRO CAIXA/CREDITO REAL FACIL)- PIX SAQUE/PIX TROCO- RECARGA CELULAR - RECEBIMENTO DE BOLETOS, CONTAS (AGUA, LUZ, TELEFONE E GAS), TRIBUTOS MUNICIPAIS, ESTADUAIS E FEDERAIS- SAQUE/DEPOSITO/TRANSFERENCIAS DE CLIENTES CAIXA, SAQUE DE CONTAS BNB"
118,"
                                        OTIMISTA DEMAIS LOTERIAS
                                    ", OTIMISTA DEMAIS LOTERIAS LTDA, 06.165.588/0001-10, 4167, otanisilva@hotmail.com,"QS 406 CONJUNTO A LOTE 06 LOJA 01,  - SAMAMBAIA NORTE
                                        72318-573. BRASILIA - DF
                                        (61) 33583131","Atividades Exercidas- APOSTAS EM LOTERIAS FEDERAIS- BENEFICIOS SOCIAIS, PAGAMENTO DE BOLSA FAMILIA, FGTS, INSS, SEGURO DESEMPREGO E ABONO  - CARTAO DE CREDITO CAIXA - CONTA CORRENTE E POUPANCA (PF E PJ)- CONTA POUPANCA CAIXA FACIL- EMPRESTIMOS (CONSIGNADO/CDC/CHEQUE ESPECIAL/GIRO CAIXA/CREDITO REAL FACIL)- PIX SAQUE/PIX TROCO- RECARGA CELULAR - RECEBIMENTO DE BOLETOS, CONTAS (AGUA, LUZ, TELEFONE E GAS), TRIBUTOS MUNICIPAIS, ESTADUAIS E FEDERAIS- SAQUE/DEPOSITO/TRANSFERENCIAS DE CLIENTES CAIXA, SAQUE DE CONTAS BNB"
119,"
                                        SENNA LOTERICA
                                    ", SENNA LOTERICA LTDA - ME, 05.419.872/0001-02, 8, sennaloterica13@gmail.com,"CSB 02 LT 01/04 LJ      ALAMEDA SHO, T21A - TAGUATINGA SUL
                                        72015-525. BRASILIA - DF
                                        (61) 30243858","Atividades Exercidas- APOSTAS EM LOTERIAS FEDERAIS- BENEFICIOS SOCIAIS, PAGAMENTO DE BOLSA FAMILIA, FGTS, INSS, SEGURO DESEMPREGO E ABONO  - CONTA POUPANCA CAIXA FACIL- PIX SAQUE/PIX TROCO- RECARGA CELULAR - RECEBIMENTO DE BOLETOS, CONTAS (AGUA, LUZ, TELEFONE E GAS), TRIBUTOS MUNICIPAIS, ESTADUAIS E FEDERAIS- SAQUE/DEPOSITO/TRANSFERENCIAS DE CLIENTES CAIXA, SAQUE DE CONTAS BNB- SEGUROS DE VIDA E RESIDENCIAL, CAPITALIZACAO E CONSORCIO (VEICULOS/IMOVEIS)"
120,"
                                        CASA LOTERICA ESTRUTURAL LTDA ME
                                    ", LOTERICA ESTRUTURAL, 10.379.103/0001-68, 4462, lotericaestrutural@hotmail.com,"QUADRA 03 CONJUNTO A LOTE, 11 - VILA ESTRUTURAL
                                        71300-000. BRASILIA - DF
                                        (61) 34655566","Atividades Exercidas- APOSTAS EM LOTERIAS FEDERAIS- BENEFICIOS SOCIAIS, PAGAMENTO DE BOLSA FAMILIA, FGTS, INSS, SEGURO DESEMPREGO E ABONO  - CARTAO DE CREDITO CAIXA - CONTA CORRENTE E POUPANCA (PF E PJ)- CONTA POUPANCA CAIXA FACIL- EMPRESTIMOS (CONSIGNADO/CDC/CHEQUE ESPECIAL/GIRO CAIXA/CREDITO REAL FACIL)- PIX SAQUE/PIX TROCO- RECARGA CELULAR - RECEBIMENTO DE BOLETOS, CONTAS (AGUA, LUZ, TELEFONE E GAS), TRIBUTOS MUNICIPAIS, ESTADUAIS E FEDERAIS- SAQUE/DEPOSITO/TRANSFERENCIAS DE CLIENTES CAIXA, SAQUE DE CONTAS BNB"
121,"
                                        CASA LOTERICA SAMAMBAIA 313 LTDA ME
                                    ", CASA LOTERICA SAMAMBAIA 313, 10.396.792/0001-19, 4483, lotericasamambaia313@hotmail.com,"QR 313 CONJUNTO 03 LOTE, 03 - SAMAMBAIA
                                        72307-303. BRASILIA - DF
                                        (61) 35591616","Atividades Exercidas- APOSTAS EM LOTERIAS FEDERAIS- BENEFICIOS SOCIAIS, PAGAMENTO DE BOLSA FAMILIA, FGTS, INSS, SEGURO DESEMPREGO E ABONO  - CARTAO DE CREDITO CAIXA - CONTA CORRENTE E POUPANCA (PF E PJ)- CONTA POUPANCA CAIXA FACIL- EMPRESTIMOS (CONSIGNADO/CDC/CHEQUE ESPECIAL/GIRO CAIXA/CREDITO REAL FACIL)- PIX SAQUE/PIX TROCO- RECARGA CELULAR - RECEBIMENTO DE BOLETOS, CONTAS (AGUA, LUZ, TELEFONE E GAS), TRIBUTOS MUNICIPAIS, ESTADUAIS E FEDERAIS- SAQUE/DEPOSITO/TRANSFERENCIAS DE CLIENTES CAIXA, SAQUE DE CONTAS BNB"
122,"
                                        LOTERIA MEGA SORTE
                                    ", AR LOTERICA LTDA, 10.316.413/0001-33, 655, ELOIJJ@GMAIL.COM,"QI 07 LOTE 1060 LOJA, 02 - GAMA
                                        72445-000. BRASILIA - DF
                                        (61) 34844113","Atividades Exercidas- APOSTAS EM LOTERIAS FEDERAIS- BENEFICIOS SOCIAIS, PAGAMENTO DE BOLSA FAMILIA, FGTS, INSS, SEGURO DESEMPREGO E ABONO  - CONTA POUPANCA CAIXA FACIL- PIX SAQUE/PIX TROCO- RECARGA CELULAR - RECEBIMENTO DE BOLETOS, CONTAS (AGUA, LUZ, TELEFONE E GAS), TRIBUTOS MUNICIPAIS, ESTADUAIS E FEDERAIS- SAQUE/DEPOSITO/TRANSFERENCIAS DE CLIENTES CAIXA, SAQUE DE CONTAS BNB- SEGUROS DE VIDA E RESIDENCIAL, CAPITALIZACAO E CONSORCIO (VEICULOS/IMOVEIS)"
123,"
                                        LOTERICA CASTANHEIRAS
                                    ", LOTERICA CASTANHEIRAS LTDA, 08.302.413/0001-32, 3494, lotericacastanheiras@gmail.com,"AV DA CASTANHEIRAS LT 820 QUIOSQUE, 01 - AGUAS CLARAS
                                        71900-100. BRASILIA - DF
                                        (61) 39646553","Atividades Exercidas- APOSTAS EM LOTERIAS FEDERAIS- BENEFICIOS SOCIAIS, PAGAMENTO DE BOLSA FAMILIA, FGTS, INSS, SEGURO DESEMPREGO E ABONO  - CONTA POUPANCA CAIXA FACIL- PIX SAQUE/PIX TROCO- RECARGA CELULAR - RECEBIMENTO DE BOLETOS, CONTAS (AGUA, LUZ, TELEFONE E GAS), TRIBUTOS MUNICIPAIS, ESTADUAIS E FEDERAIS- SAQUE/DEPOSITO/TRANSFERENCIAS DE CLIENTES CAIXA, SAQUE DE CONTAS BNB- SEGUROS DE VIDA E RESIDENCIAL, CAPITALIZACAO E CONSORCIO (VEICULOS/IMOVEIS)"
124,"
                                        LOTERICA GUARA LTDA
                                    ", LOTERICA GUARA, 10.229.509/0001-64, 643, loterica_guara@hotmail.com,"QE 40 CONJ H LOTE 06, 02 - GUARA II
                                        71070-082. BRASILIA - DF
                                        (61) 39673163","Atividades Exercidas- APOSTAS EM LOTERIAS FEDERAIS- BENEFICIOS SOCIAIS, PAGAMENTO DE BOLSA FAMILIA, FGTS, INSS, SEGURO DESEMPREGO E ABONO  - CARTAO DE CREDITO CAIXA - CONTA CORRENTE E POUPANCA (PF E PJ)- CONTA POUPANCA CAIXA FACIL- EMPRESTIMOS (CONSIGNADO/CDC/CHEQUE ESPECIAL/GIRO CAIXA/CREDITO REAL FACIL)- PIX SAQUE/PIX TROCO- RECARGA CELULAR - RECEBIMENTO DE BOLETOS, CONTAS (AGUA, LUZ, TELEFONE E GAS), TRIBUTOS MUNICIPAIS, ESTADUAIS E FEDERAIS- SAQUE/DEPOSITO/TRANSFERENCIAS DE CLIENTES CAIXA, SAQUE DE CONTAS BNB"
125,"
                                        LOTERICA M NORTE
                                    ", LOTERICA M NORTE LTDA ME, 10.416.677/0001-69, 4166, lotericamnorte@gmail.com,"EQNM 34/36 BLOCO A LOTE, 01 - TAGUATINGA
                                        72145-505. BRASILIA - DF
                                        (61) 84182565","Atividades Exercidas- APOSTAS EM LOTERIAS FEDERAIS- BENEFICIOS SOCIAIS, PAGAMENTO DE BOLSA FAMILIA, FGTS, INSS, SEGURO DESEMPREGO E ABONO  - CARTAO DE CREDITO CAIXA - CONTA CORRENTE E POUPANCA (PF E PJ)- CONTA POUPANCA CAIXA FACIL- EMPRESTIMOS (CONSIGNADO/CDC/CHEQUE ESPECIAL/GIRO CAIXA/CREDITO REAL FACIL)- PIX SAQUE/PIX TROCO- RECARGA CELULAR - RECEBIMENTO DE BOLETOS, CONTAS (AGUA, LUZ, TELEFONE E GAS), TRIBUTOS MUNICIPAIS, ESTADUAIS E FEDERAIS- SAQUE/DEPOSITO/TRANSFERENCIAS DE CLIENTES CAIXA, SAQUE DE CONTAS BNB"
126,"
                                        LOTERICA PREMIUM
                                    ", NJ LOTERIAS LTDA, 10.352.345/0001-68, 655, lotericapremium@gmail.com,"QUADRA 28 LOTE 11 LOJA, 01 - GAMA
                                        72420-280. BRASILIA - DF
                                        (61) 993201554","Atividades Exercidas- APOSTAS EM LOTERIAS FEDERAIS- BENEFICIOS SOCIAIS, PAGAMENTO DE BOLSA FAMILIA, FGTS, INSS, SEGURO DESEMPREGO E ABONO  - CARTAO DE CREDITO CAIXA - CONTA CORRENTE E POUPANCA (PF E PJ)- CONTA POUPANCA CAIXA FACIL- EMPRESTIMOS (CONSIGNADO/CDC/CHEQUE ESPECIAL/GIRO CAIXA/CREDITO REAL FACIL)- PIX SAQUE/PIX TROCO- RECARGA CELULAR - RECEBIMENTO DE BOLETOS, CONTAS (AGUA, LUZ, TELEFONE E GAS), TRIBUTOS MUNICIPAIS, ESTADUAIS E FEDERAIS- SAQUE/DEPOSITO/TRANSFERENCIAS DE CLIENTES CAIXA, SAQUE DE CONTAS BNB"
127,"
                                        LOTERICA QUITERIA
                                    ", LOTERICA QUITERIA LTDA ME, 07.348.040/0001-78, 674, lotquiteria@gmail.com,"RUA 48 LOTE, 350 - SAO SEBASTIAO
                                        71690-000. BRASILIA - DF
                                        (61) 33351490","Atividades Exercidas- APOSTAS EM LOTERIAS FEDERAIS- BENEFICIOS SOCIAIS, PAGAMENTO DE BOLSA FAMILIA, FGTS, INSS, SEGURO DESEMPREGO E ABONO  - CARTAO DE CREDITO CAIXA - CONTA CORRENTE E POUPANCA (PF E PJ)- CONTA POUPANCA CAIXA FACIL- EMPRESTIMOS (CONSIGNADO/CDC/CHEQUE ESPECIAL/GIRO CAIXA/CREDITO REAL FACIL)- PIX SAQUE/PIX TROCO- RECARGA CELULAR - RECEBIMENTO DE BOLETOS, CONTAS (AGUA, LUZ, TELEFONE E GAS), TRIBUTOS MUNICIPAIS, ESTADUAIS E FEDERAIS- SAQUE/DEPOSITO/TRANSFERENCIAS DE CLIENTES CAIXA, SAQUE DE CONTAS BNB"
128,"
                                        LOTERICA RADIO CENTER
                                    ", LOTERICA RADIO CENTER LTDA, 07.344.660/0001-39, 974, ingridosca@yahoo.com.br,"SRTVN 702 BLOCO P ALA B LOJA, 192 - ASA NORTE
                                        70719-900. BRASILIA - DF
                                        (61) 33268076","Atividades Exercidas- APOSTAS EM LOTERIAS FEDERAIS- BENEFICIOS SOCIAIS, PAGAMENTO DE BOLSA FAMILIA, FGTS, INSS, SEGURO DESEMPREGO E ABONO  - CARTAO DE CREDITO CAIXA - CONTA CORRENTE E POUPANCA (PF E PJ)- CONTA POUPANCA CAIXA FACIL- EMPRESTIMOS (CONSIGNADO/CDC/CHEQUE ESPECIAL/GIRO CAIXA/CREDITO REAL FACIL)- PIX SAQUE/PIX TROCO- RECARGA CELULAR - RECEBIMENTO DE BOLETOS, CONTAS (AGUA, LUZ, TELEFONE E GAS), TRIBUTOS MUNICIPAIS, ESTADUAIS E FEDERAIS- SAQUE/DEPOSITO/TRANSFERENCIAS DE CLIENTES CAIXA, SAQUE DE CONTAS BNB"
129,"
                                        LOTERICA RECANTO DAS EMAS
                                    ", LOTERICA RECANTO DAS EMAS LTDA, 10.238.966/0001-15, 4331, LOTERICA_RECANTO@HOTMAIL.COM,"QUADRA 201 CNJ 08 LOTE, 18 - RECANTO DAS EMAS
                                        72610-308. BRASILIA - DF
                                        (61) 30451377","Atividades Exercidas- APOSTAS EM LOTERIAS FEDERAIS- BENEFICIOS SOCIAIS, PAGAMENTO DE BOLSA FAMILIA, FGTS, INSS, SEGURO DESEMPREGO E ABONO  - CARTAO DE CREDITO CAIXA - CONTA CORRENTE E POUPANCA (PF E PJ)- CONTA POUPANCA CAIXA FACIL- EMPRESTIMOS (CONSIGNADO/CDC/CHEQUE ESPECIAL/GIRO CAIXA/CREDITO REAL FACIL)- PIX SAQUE/PIX TROCO- RECARGA CELULAR - RECEBIMENTO DE BOLETOS, CONTAS (AGUA, LUZ, TELEFONE E GAS), TRIBUTOS MUNICIPAIS, ESTADUAIS E FEDERAIS- SAQUE/DEPOSITO/TRANSFERENCIAS DE CLIENTES CAIXA, SAQUE DE CONTAS BNB"
130,"
                                        LOTERICA SANTA MARIA
                                    ", R&A LOTERICAS LTDA, 10.414.044/0001-11, 3001, lot.santamaria@gmail.com,"QR 217 CONJUNTO B LOTE 11 LOJA, 01 - SANTA MARIA
                                        72547-502. BRASILIA - DF
                                        (61) 33946876","Atividades Exercidas- APOSTAS EM LOTERIAS FEDERAIS- BENEFICIOS SOCIAIS, PAGAMENTO DE BOLSA FAMILIA, FGTS, INSS, SEGURO DESEMPREGO E ABONO  - CARTAO DE CREDITO CAIXA - CONTA CORRENTE E POUPANCA (PF E PJ)- CONTA POUPANCA CAIXA FACIL- EMPRESTIMOS (CONSIGNADO/CDC/CHEQUE ESPECIAL/GIRO CAIXA/CREDITO REAL FACIL)- PIX SAQUE/PIX TROCO- RECARGA CELULAR - RECEBIMENTO DE BOLETOS, CONTAS (AGUA, LUZ, TELEFONE E GAS), TRIBUTOS MUNICIPAIS, ESTADUAIS E FEDERAIS- SAQUE/DEPOSITO/TRANSFERENCIAS DE CLIENTES CAIXA, SAQUE DE CONTAS BNB"
131,"
                                        LOTERICA SAO SEBASTIAO
                                    ", LOTERICA SAO SEBASTIAO LTDA, 10.416.299/0001-13, 674, lotericasaosebastiao@yahoo.com.br,"QUADRA 201 CONJUNTO 13 LOTE, 21 - SAO SEBASTIAO
                                        71692-104. BRASILIA - DF
                                        (61) 33396727","Atividades Exercidas- APOSTAS EM LOTERIAS FEDERAIS- BENEFICIOS SOCIAIS, PAGAMENTO DE BOLSA FAMILIA, FGTS, INSS, SEGURO DESEMPREGO E ABONO  - CARTAO DE CREDITO CAIXA - CONTA CORRENTE E POUPANCA (PF E PJ)- CONTA POUPANCA CAIXA FACIL- EMPRESTIMOS (CONSIGNADO/CDC/CHEQUE ESPECIAL/GIRO CAIXA/CREDITO REAL FACIL)- PIX SAQUE/PIX TROCO- RECARGA CELULAR - RECEBIMENTO DE BOLETOS, CONTAS (AGUA, LUZ, TELEFONE E GAS), TRIBUTOS MUNICIPAIS, ESTADUAIS E FEDERAIS- SAQUE/DEPOSITO/TRANSFERENCIAS DE CLIENTES CAIXA, SAQUE DE CONTAS BNB"
132,"
                                        LOTO CENTER
                                    ", LOTERICA CENTER LTDA, 10.386.968/0001-51, 655, lotocenter@gmail.com,"AE 20/21 LOJA, 12 - GAMA
                                        72405-922. BRASILIA - DF
                                        (61) 33842433","Atividades Exercidas- APOSTAS EM LOTERIAS FEDERAIS- BENEFICIOS SOCIAIS, PAGAMENTO DE BOLSA FAMILIA, FGTS, INSS, SEGURO DESEMPREGO E ABONO  - CARTAO DE CREDITO CAIXA - CONTA CORRENTE E POUPANCA (PF E PJ)- CONTA POUPANCA CAIXA FACIL- EMPRESTIMOS (CONSIGNADO/CDC/CHEQUE ESPECIAL/GIRO CAIXA/CREDITO REAL FACIL)- PIX SAQUE/PIX TROCO- RECARGA CELULAR - RECEBIMENTO DE BOLETOS, CONTAS (AGUA, LUZ, TELEFONE E GAS), TRIBUTOS MUNICIPAIS, ESTADUAIS E FEDERAIS- SAQUE/DEPOSITO/TRANSFERENCIAS DE CLIENTES CAIXA, SAQUE DE CONTAS BNB"
133,"
                                        ONZE DA SORTE
                                    ", ONZE DA SORTE LOTERIAS LTDA ME, 10.398.312/0001-59, 2893, lotericaonzedasorte@hotmail.com,"SHIS CL  QI 11 BLOCO O-2 LOJA, 40 - LAGO SUL
                                        71625-640. BRASILIA - DF
                                        (61) 32481119","Atividades Exercidas- APOSTAS EM LOTERIAS FEDERAIS- BENEFICIOS SOCIAIS, PAGAMENTO DE BOLSA FAMILIA, FGTS, INSS, SEGURO DESEMPREGO E ABONO  - CARTAO DE CREDITO CAIXA - CONTA CORRENTE E POUPANCA (PF E PJ)- CONTA POUPANCA CAIXA FACIL- EMPRESTIMOS (CONSIGNADO/CDC/CHEQUE ESPECIAL/GIRO CAIXA/CREDITO REAL FACIL)- PIX SAQUE/PIX TROCO- RECARGA CELULAR - RECEBIMENTO DE BOLETOS, CONTAS (AGUA, LUZ, TELEFONE E GAS), TRIBUTOS MUNICIPAIS, ESTADUAIS E FEDERAIS- SAQUE/DEPOSITO/TRANSFERENCIAS DE CLIENTES CAIXA, SAQUE DE CONTAS BNB"
134,"
                                        PARAISO DA SORTE
                                    ", PARAISO DA SORTE LOTERICA LTDA - ME, 07.133.284/0001-33, 1041, paraisodasorte503@gmail.com,"CLS 305 BLOCO A LOJA, 29 - ASA SUL
                                        70342-510. BRASILIA - DF
                                        (61) 32245352","Atividades Exercidas- APOSTAS EM LOTERIAS FEDERAIS- BENEFICIOS SOCIAIS, PAGAMENTO DE BOLSA FAMILIA, FGTS, INSS, SEGURO DESEMPREGO E ABONO  - CONTA POUPANCA CAIXA FACIL- PIX SAQUE/PIX TROCO- RECARGA CELULAR - RECEBIMENTO DE BOLETOS, CONTAS (AGUA, LUZ, TELEFONE E GAS), TRIBUTOS MUNICIPAIS, ESTADUAIS E FEDERAIS- SAQUE/DEPOSITO/TRANSFERENCIAS DE CLIENTES CAIXA, SAQUE DE CONTAS BNB- SEGUROS DE VIDA E RESIDENCIAL, CAPITALIZACAO E CONSORCIO (VEICULOS/IMOVEIS)"
135,"
                                        BB LOTERIAS
                                    ", BB LOTERIAS LTDA, 10.519.639/0001-31, 2458, loterica_bb@hotmail.com,"ST EDIF PUB NORTE ENTRE QD 504/505, SN - ASA NORTE
                                        70730-545. BRASILIA - DF
                                        (61) 982220852","Atividades Exercidas- APOSTAS EM LOTERIAS FEDERAIS- BENEFICIOS SOCIAIS, PAGAMENTO DE BOLSA FAMILIA, FGTS, INSS, SEGURO DESEMPREGO E ABONO  - CARTAO DE CREDITO CAIXA - CONTA CORRENTE E POUPANCA (PF E PJ)- CONTA POUPANCA CAIXA FACIL- EMPRESTIMOS (CONSIGNADO/CDC/CHEQUE ESPECIAL/GIRO CAIXA/CREDITO REAL FACIL)- PIX SAQUE/PIX TROCO- RECARGA CELULAR - RECEBIMENTO DE BOLETOS, CONTAS (AGUA, LUZ, TELEFONE E GAS), TRIBUTOS MUNICIPAIS, ESTADUAIS E FEDERAIS- SAQUE/DEPOSITO/TRANSFERENCIAS DE CLIENTES CAIXA, SAQUE DE CONTAS BNB"
136,"
                                        BIG SORTE LOTERIA
                                    ", CASA LOTERICA FLORIDA MALL LTDA, 10.426.695/0001-21, 643, tatiane.jub@bigbox.com.br,"CAVP SETOR HABITACIONAL CHACARA, 53A - TAGUATINGA
                                        72005-300. BRASILIA - DF
                                        (61) 35972938","Atividades Exercidas- APOSTAS EM LOTERIAS FEDERAIS- BENEFICIOS SOCIAIS, PAGAMENTO DE BOLSA FAMILIA, FGTS, INSS, SEGURO DESEMPREGO E ABONO  - CARTAO DE CREDITO CAIXA - CONTA CORRENTE E POUPANCA (PF E PJ)- CONTA POUPANCA CAIXA FACIL- EMPRESTIMOS (CONSIGNADO/CDC/CHEQUE ESPECIAL/GIRO CAIXA/CREDITO REAL FACIL)- PIX SAQUE/PIX TROCO- RECARGA CELULAR - RECEBIMENTO DE BOLETOS, CONTAS (AGUA, LUZ, TELEFONE E GAS), TRIBUTOS MUNICIPAIS, ESTADUAIS E FEDERAIS- SAQUE/DEPOSITO/TRANSFERENCIAS DE CLIENTES CAIXA, SAQUE DE CONTAS BNB"
137,"
                                        CASA LOTERICA BANCO DA SORTE
                                    ", MS CASA LOTERICA LTDA ME, 10.483.271/0001-07, 4167, marciacaixeta4@hotmail.com,"QS 410 LOTE 10/12 1º AV NORTE, 1 - SAMAMBAIA
                                        72320-552. BRASILIA - DF
                                        (61) 983170859","Atividades Exercidas- APOSTAS EM LOTERIAS FEDERAIS- BENEFICIOS SOCIAIS, PAGAMENTO DE BOLSA FAMILIA, FGTS, INSS, SEGURO DESEMPREGO E ABONO  - CARTAO DE CREDITO CAIXA - CONTA CORRENTE E POUPANCA (PF E PJ)- CONTA POUPANCA CAIXA FACIL- EMPRESTIMOS (CONSIGNADO/CDC/CHEQUE ESPECIAL/GIRO CAIXA/CREDITO REAL FACIL)- PIX SAQUE/PIX TROCO- RECARGA CELULAR - RECEBIMENTO DE BOLETOS, CONTAS (AGUA, LUZ, TELEFONE E GAS), TRIBUTOS MUNICIPAIS, ESTADUAIS E FEDERAIS- SAQUE/DEPOSITO/TRANSFERENCIAS DE CLIENTES CAIXA, SAQUE DE CONTAS BNB"
138,"
                                        CASA LOTERICA MEGA SORTE
                                    ", CASA LOTERICA MEGA SORTE LTDA ME, 10.538.337/0001-00, 2399, jwhmegasorte@gmail.com,"AV AGUAS CLARAS QS 08 LOJA, 01 - AGUAS CLARAS
                                        71973-100. BRASILIA - DF
                                        (61) 999094443","Atividades Exercidas- APOSTAS EM LOTERIAS FEDERAIS- BENEFICIOS SOCIAIS, PAGAMENTO DE BOLSA FAMILIA, FGTS, INSS, SEGURO DESEMPREGO E ABONO  - CARTAO DE CREDITO CAIXA - CONTA CORRENTE E POUPANCA (PF E PJ)- CONTA POUPANCA CAIXA FACIL- EMPRESTIMOS (CONSIGNADO/CDC/CHEQUE ESPECIAL/GIRO CAIXA/CREDITO REAL FACIL)- PIX SAQUE/PIX TROCO- RECARGA CELULAR - RECEBIMENTO DE BOLETOS, CONTAS (AGUA, LUZ, TELEFONE E GAS), TRIBUTOS MUNICIPAIS, ESTADUAIS E FEDERAIS- SAQUE/DEPOSITO/TRANSFERENCIAS DE CLIENTES CAIXA, SAQUE DE CONTAS BNB"
139,"
                                        CASA LOTERICA QR 407
                                    ", CASA LOTERICA QR 407 LTDA, 10.526.197/0001-50, 4167, lotericaqr407@gmail.com,"QR 407 CONJ 8 LOTE, 05 - SAMAMBAIA
                                        72321-008. BRASILIA - DF
                                        (61) 33597000","Atividades Exercidas- APOSTAS EM LOTERIAS FEDERAIS- BENEFICIOS SOCIAIS, PAGAMENTO DE BOLSA FAMILIA, FGTS, INSS, SEGURO DESEMPREGO E ABONO  - CARTAO DE CREDITO CAIXA - CONTA CORRENTE E POUPANCA (PF E PJ)- CONTA POUPANCA CAIXA FACIL- EMPRESTIMOS (CONSIGNADO/CDC/CHEQUE ESPECIAL/GIRO CAIXA/CREDITO REAL FACIL)- PIX SAQUE/PIX TROCO- RECARGA CELULAR - RECEBIMENTO DE BOLETOS, CONTAS (AGUA, LUZ, TELEFONE E GAS), TRIBUTOS MUNICIPAIS, ESTADUAIS E FEDERAIS- SAQUE/DEPOSITO/TRANSFERENCIAS DE CLIENTES CAIXA, SAQUE DE CONTAS BNB"
140,"
                                        CIA DA SORTE
                                    ", LOTERIAS GAMP JARDIM BOTANICO LTDA, 10.421.599/0001-90, 674, aealoterias@gmail.com,"QD 01 AV DO SOL RUA 1 LOTE, 305 - JARDIM BOTANICO
                                        71680-362. BRASILIA - DF
                                        (61) 984968668","Atividades Exercidas- APOSTAS EM LOTERIAS FEDERAIS- BENEFICIOS SOCIAIS, PAGAMENTO DE BOLSA FAMILIA, FGTS, INSS, SEGURO DESEMPREGO E ABONO  - CARTAO DE CREDITO CAIXA - CONTA CORRENTE E POUPANCA (PF E PJ)- CONTA POUPANCA CAIXA FACIL- EMPRESTIMOS (CONSIGNADO/CDC/CHEQUE ESPECIAL/GIRO CAIXA/CREDITO REAL FACIL)- PIX SAQUE/PIX TROCO- RECARGA CELULAR - RECEBIMENTO DE BOLETOS, CONTAS (AGUA, LUZ, TELEFONE E GAS), TRIBUTOS MUNICIPAIS, ESTADUAIS E FEDERAIS- SAQUE/DEPOSITO/TRANSFERENCIAS DE CLIENTES CAIXA, SAQUE DE CONTAS BNB"
141,"
                                        LOTERIAS CASTELO FORTE
                                    ", LOTERIAS CASTELO FORTE CEILANDIA LTDA, 10.454.964/0001-63, 1556, sinaracasteloforte@gmail.com,"QNM 33 AREA ESPECIAL E, 0 - CEILANDIA
                                        72215-335. BRASILIA - DF
                                        (61) 30211080","Atividades Exercidas- APOSTAS EM LOTERIAS FEDERAIS- BENEFICIOS SOCIAIS, PAGAMENTO DE BOLSA FAMILIA, FGTS, INSS, SEGURO DESEMPREGO E ABONO  - CARTAO DE CREDITO CAIXA - CONTA CORRENTE E POUPANCA (PF E PJ)- CONTA POUPANCA CAIXA FACIL- EMPRESTIMOS (CONSIGNADO/CDC/CHEQUE ESPECIAL/GIRO CAIXA/CREDITO REAL FACIL)- PIX SAQUE/PIX TROCO- RECARGA CELULAR - RECEBIMENTO DE BOLETOS, CONTAS (AGUA, LUZ, TELEFONE E GAS), TRIBUTOS MUNICIPAIS, ESTADUAIS E FEDERAIS- SAQUE/DEPOSITO/TRANSFERENCIAS DE CLIENTES CAIXA, SAQUE DE CONTAS BNB"
142,"
                                        LOTERICA BILHETE PREMIADO
                                    ", CASA LOTERICA BILHETE PREMIADO LTDA, 10.464.786/0001-51, 3001, bilhetepremiado003@gmail.com,"QR 302 CONJ J LOTE 24 LOJA, 01 - SANTA MARIA
                                        72502-510. BRASILIA - DF
                                        (61) 30122656","Atividades Exercidas- APOSTAS EM LOTERIAS FEDERAIS- BENEFICIOS SOCIAIS, PAGAMENTO DE BOLSA FAMILIA, FGTS, INSS, SEGURO DESEMPREGO E ABONO  - CARTAO DE CREDITO CAIXA - CONTA CORRENTE E POUPANCA (PF E PJ)- CONTA POUPANCA CAIXA FACIL- EMPRESTIMOS (CONSIGNADO/CDC/CHEQUE ESPECIAL/GIRO CAIXA/CREDITO REAL FACIL)- PIX SAQUE/PIX TROCO- RECARGA CELULAR - RECEBIMENTO DE BOLETOS, CONTAS (AGUA, LUZ, TELEFONE E GAS), TRIBUTOS MUNICIPAIS, ESTADUAIS E FEDERAIS- SAQUE/DEPOSITO/TRANSFERENCIAS DE CLIENTES CAIXA, SAQUE DE CONTAS BNB"
143,"
                                        LOTERICA CEILANDIA
                                    ", CEILANDIA CASAS LOTERICAS LTDA, 10.544.136/0001-16, 4166, ceilandiacasaslotericas@hotmail.com,"EQNN 23/25 BLOCO A LOTE 3 LOJA, 01 - CEILANDIA NORTE
                                        72225-591. BRASILIA - DF
                                        (61) 974011275","Atividades Exercidas- APOSTAS EM LOTERIAS FEDERAIS- BENEFICIOS SOCIAIS, PAGAMENTO DE BOLSA FAMILIA, FGTS, INSS, SEGURO DESEMPREGO E ABONO  - CARTAO DE CREDITO CAIXA - CONTA CORRENTE E POUPANCA (PF E PJ)- CONTA POUPANCA CAIXA FACIL- EMPRESTIMOS (CONSIGNADO/CDC/CHEQUE ESPECIAL/GIRO CAIXA/CREDITO REAL FACIL)- PIX SAQUE/PIX TROCO- RECARGA CELULAR - RECEBIMENTO DE BOLETOS, CONTAS (AGUA, LUZ, TELEFONE E GAS), TRIBUTOS MUNICIPAIS, ESTADUAIS E FEDERAIS- SAQUE/DEPOSITO/TRANSFERENCIAS DE CLIENTES CAIXA, SAQUE DE CONTAS BNB"
144,"
                                        LOTERICA COMANDO DA SORTE
                                    ", CASA LOTERICA COMANDO DA SORTE LTDA, 10.464.631/0001-15, 3001, comandodasorte@hotmail.com,"QC 01 CJ D LOTE 12 LOJA, 01 - SANTA MARIA
                                        72535-040. BRASILIA - DF
                                        (61) 33930465","Atividades Exercidas- APOSTAS EM LOTERIAS FEDERAIS- BENEFICIOS SOCIAIS, PAGAMENTO DE BOLSA FAMILIA, FGTS, INSS, SEGURO DESEMPREGO E ABONO  - CARTAO DE CREDITO CAIXA - CONTA CORRENTE E POUPANCA (PF E PJ)- CONTA POUPANCA CAIXA FACIL- EMPRESTIMOS (CONSIGNADO/CDC/CHEQUE ESPECIAL/GIRO CAIXA/CREDITO REAL FACIL)- FINANCIAMENTO HABITACIONAL (SBPE/FGTS)- PIX SAQUE/PIX TROCO- RECARGA CELULAR - RECEBIMENTO DE BOLETOS, CONTAS (AGUA, LUZ, TELEFONE E GAS), TRIBUTOS MUNICIPAIS, ESTADUAIS E FEDERAIS"
145,"
                                        LOTERICA DOURO
                                    ", LOTERICA DOURO LTDA, 10.532.719/0001-27, 2399, loteriadouro@gmail.com,"QSC 19 CHACARA, 25 - TAGUATINGA
                                        72017-215. BRASILIA - DF
                                        (61) 35611534","Atividades Exercidas- APOSTAS EM LOTERIAS FEDERAIS- BENEFICIOS SOCIAIS, PAGAMENTO DE BOLSA FAMILIA, FGTS, INSS, SEGURO DESEMPREGO E ABONO  - CARTAO DE CREDITO CAIXA - CONTA CORRENTE E POUPANCA (PF E PJ)- CONTA POUPANCA CAIXA FACIL- EMPRESTIMOS (CONSIGNADO/CDC/CHEQUE ESPECIAL/GIRO CAIXA/CREDITO REAL FACIL)- PIX SAQUE/PIX TROCO- RECARGA CELULAR - RECEBIMENTO DE BOLETOS, CONTAS (AGUA, LUZ, TELEFONE E GAS), TRIBUTOS MUNICIPAIS, ESTADUAIS E FEDERAIS- SAQUE/DEPOSITO/TRANSFERENCIAS DE CLIENTES CAIXA, SAQUE DE CONTAS BNB"
146,"
                                        LOTERICA ESTANCIA I
                                    ", LOTERICA MESTRE DARMAS LTDA, 10.505.743/0001-77, 973, lotericamestredarmas@gmail.com,"ESTANCIA MESTRE DARMAS I MOD Q, 01 - PLANALTINA
                                        73401-128. BRASILIA - DF
                                        (61) 96682525","Atividades Exercidas- APOSTAS EM LOTERIAS FEDERAIS- BENEFICIOS SOCIAIS, PAGAMENTO DE BOLSA FAMILIA, FGTS, INSS, SEGURO DESEMPREGO E ABONO  - CARTAO DE CREDITO CAIXA - CONTA CORRENTE E POUPANCA (PF E PJ)- CONTA POUPANCA CAIXA FACIL- EMPRESTIMOS (CONSIGNADO/CDC/CHEQUE ESPECIAL/GIRO CAIXA/CREDITO REAL FACIL)- PIX SAQUE/PIX TROCO- RECARGA CELULAR - RECEBIMENTO DE BOLETOS, CONTAS (AGUA, LUZ, TELEFONE E GAS), TRIBUTOS MUNICIPAIS, ESTADUAIS E FEDERAIS- SAQUE/DEPOSITO/TRANSFERENCIAS DE CLIENTES CAIXA, SAQUE DE CONTAS BNB"
147,"
                                        MAIS LOTERICA
                                    ", MAIS LOTERIAS LTDA, 10.465.286/0001-34, 3310, MAISLOTERICAS@GMAIL.COM,"Q 07 CONJUNTO B, S/N - VARJAO DO TORTO
                                        71540-400. BRASILIA - DF
                                        (61) 99797964","Atividades Exercidas- APOSTAS EM LOTERIAS FEDERAIS- BENEFICIOS SOCIAIS, PAGAMENTO DE BOLSA FAMILIA, FGTS, INSS, SEGURO DESEMPREGO E ABONO  - CARTAO DE CREDITO CAIXA - CONTA CORRENTE E POUPANCA (PF E PJ)- CONTA POUPANCA CAIXA FACIL- EMPRESTIMOS (CONSIGNADO/CDC/CHEQUE ESPECIAL/GIRO CAIXA/CREDITO REAL FACIL)- PIX SAQUE/PIX TROCO- RECARGA CELULAR - RECEBIMENTO DE BOLETOS, CONTAS (AGUA, LUZ, TELEFONE E GAS), TRIBUTOS MUNICIPAIS, ESTADUAIS E FEDERAIS- SAQUE/DEPOSITO/TRANSFERENCIAS DE CLIENTES CAIXA, SAQUE DE CONTAS BNB"
148,"
                                        PALACIO DA SORTE
                                    ", NUNES GUERRA CASAS LOTERICAS LTDA, 10.479.406/0001-52, 1556, palaciodasorte@hotmail.com,"RUA 5 CHÁCARA 182 LOTE 03 LOJA, 03 - SETOR HABITACIONAL VICENTE PIRES
                                        72007-820. BRASILIA - DF
                                        (61) 34357889","Atividades Exercidas- APOSTAS EM LOTERIAS FEDERAIS- BENEFICIOS SOCIAIS, PAGAMENTO DE BOLSA FAMILIA, FGTS, INSS, SEGURO DESEMPREGO E ABONO  - CARTAO DE CREDITO CAIXA - CONTA CORRENTE E POUPANCA (PF E PJ)- CONTA POUPANCA CAIXA FACIL- EMPRESTIMOS (CONSIGNADO/CDC/CHEQUE ESPECIAL/GIRO CAIXA/CREDITO REAL FACIL)- PIX SAQUE/PIX TROCO- RECARGA CELULAR - RECEBIMENTO DE BOLETOS, CONTAS (AGUA, LUZ, TELEFONE E GAS), TRIBUTOS MUNICIPAIS, ESTADUAIS E FEDERAIS- SAQUE/DEPOSITO/TRANSFERENCIAS DE CLIENTES CAIXA, SAQUE DE CONTAS BNB"
149,"
                                        SCALA LOTERIAS
                                    ", SCALA LOTERIAS LTDA, 10.539.386/0001-68, 2272, scala.correspondente@gmail.com,"Q QNM, 4 - CEILANDIA
                                        72210-055. BRASILIA - DF
                                        (61) 39651394","Atividades Exercidas- APOSTAS EM LOTERIAS FEDERAIS- BENEFICIOS SOCIAIS, PAGAMENTO DE BOLSA FAMILIA, FGTS, INSS, SEGURO DESEMPREGO E ABONO  - CARTAO DE CREDITO CAIXA - CONTA CORRENTE E POUPANCA (PF E PJ)- CONTA POUPANCA CAIXA FACIL- EMPRESTIMOS (CONSIGNADO/CDC/CHEQUE ESPECIAL/GIRO CAIXA/CREDITO REAL FACIL)- PIX SAQUE/PIX TROCO- RECARGA CELULAR - RECEBIMENTO DE BOLETOS, CONTAS (AGUA, LUZ, TELEFONE E GAS), TRIBUTOS MUNICIPAIS, ESTADUAIS E FEDERAIS- SAQUE/DEPOSITO/TRANSFERENCIAS DE CLIENTES CAIXA, SAQUE DE CONTAS BNB"
150,"
                                        BOULEVARD LOTERIA LTDA
                                    ", BOULEVARD LOTERICA, 11.055.349/0001-47, 7, boulevardloterica@gmail.com,"ST  NORTE CONJ J LOJA 14, 14 - ASA NORTE
                                        70770-916. BRASILIA - DF
                                        (61) 32741834","Atividades Exercidas- APOSTAS EM LOTERIAS FEDERAIS- BENEFICIOS SOCIAIS, PAGAMENTO DE BOLSA FAMILIA, FGTS, INSS, SEGURO DESEMPREGO E ABONO  - CONTA POUPANCA CAIXA FACIL- PIX SAQUE/PIX TROCO- RECARGA CELULAR - RECEBIMENTO DE BOLETOS, CONTAS (AGUA, LUZ, TELEFONE E GAS), TRIBUTOS MUNICIPAIS, ESTADUAIS E FEDERAIS- SAQUE/DEPOSITO/TRANSFERENCIAS DE CLIENTES CAIXA, SAQUE DE CONTAS BNB- SEGUROS DE VIDA E RESIDENCIAL, CAPITALIZACAO E CONSORCIO (VEICULOS/IMOVEIS)"
151,"
                                        CASA LOTERICA LANCE CERTO
                                    ", CASA LOTERICA LANCE CERTO LTDA, 10.578.616/0001-06, 973, lotericalc@gmail.com,"STRN A EQ 05 LT 07 LJ 01, 01 - PLANALTINA
                                        73350-161. BRASILIA - DF
                                        (61) 33895654","Atividades Exercidas- APOSTAS EM LOTERIAS FEDERAIS- BENEFICIOS SOCIAIS, PAGAMENTO DE BOLSA FAMILIA, FGTS, INSS, SEGURO DESEMPREGO E ABONO  - CONTA POUPANCA CAIXA FACIL- PIX SAQUE/PIX TROCO- RECARGA CELULAR - RECEBIMENTO DE BOLETOS, CONTAS (AGUA, LUZ, TELEFONE E GAS), TRIBUTOS MUNICIPAIS, ESTADUAIS E FEDERAIS- SAQUE/DEPOSITO/TRANSFERENCIAS DE CLIENTES CAIXA, SAQUE DE CONTAS BNB- SEGUROS DE VIDA E RESIDENCIAL, CAPITALIZACAO E CONSORCIO (VEICULOS/IMOVEIS)"
152,"
                                        CASA LOTERICA VILA PLANALTO
                                    ", CASA LOTERICA VILA PLANALTO LTDA, 10.559.591/0001-95, 2458, loteria.vilaplanalto@gmail.com,"AV JUSCELINO KUBITSCHEK ACAMP RABEL, LOTE - VILA PLANALTO
                                        70802-020. BRASILIA - DF
                                        (61) 34253335","Atividades Exercidas- APOSTAS EM LOTERIAS FEDERAIS- BENEFICIOS SOCIAIS, PAGAMENTO DE BOLSA FAMILIA, FGTS, INSS, SEGURO DESEMPREGO E ABONO  - CARTAO DE CREDITO CAIXA - CONTA CORRENTE E POUPANCA (PF E PJ)- CONTA POUPANCA CAIXA FACIL- EMPRESTIMOS (CONSIGNADO/CDC/CHEQUE ESPECIAL/GIRO CAIXA/CREDITO REAL FACIL)- PIX SAQUE/PIX TROCO- RECARGA CELULAR - RECEBIMENTO DE BOLETOS, CONTAS (AGUA, LUZ, TELEFONE E GAS), TRIBUTOS MUNICIPAIS, ESTADUAIS E FEDERAIS- SAQUE/DEPOSITO/TRANSFERENCIAS DE CLIENTES CAIXA, SAQUE DE CONTAS BNB"
153,"
                                        LOTERIA CONTAGEM
                                    ", LOTERIA CONTAGEM LTDA ME, 11.021.160/0001-33, 972, reinakazato@hotmail.com,"COND REC DO MENE LOTE 01 MD B LJ2, 02 - SOBRADINHO II
                                        73093-901. BRASILIA - DF
                                        (61) 84018338","Atividades Exercidas- APOSTAS EM LOTERIAS FEDERAIS- BENEFICIOS SOCIAIS, PAGAMENTO DE BOLSA FAMILIA, FGTS, INSS, SEGURO DESEMPREGO E ABONO  - CARTAO DE CREDITO CAIXA - CONTA CORRENTE E POUPANCA (PF E PJ)- CONTA POUPANCA CAIXA FACIL- EMPRESTIMOS (CONSIGNADO/CDC/CHEQUE ESPECIAL/GIRO CAIXA/CREDITO REAL FACIL)- FINANCIAMENTO HABITACIONAL (SBPE/FGTS)- PIX SAQUE/PIX TROCO- RECARGA CELULAR - RECEBIMENTO DE BOLETOS, CONTAS (AGUA, LUZ, TELEFONE E GAS), TRIBUTOS MUNICIPAIS, ESTADUAIS E FEDERAIS"
154,"
                                        LOTERIAS CASTELO FORTE
                                    ", LOTERIAS CASTELO FORTE, 11.115.613/0001-90, 4167, sinaracasteloforte@gmail.com,"QR 302 CONJUNTO 08 LOTE 02, 02 - SAMAMBAIA
                                        72300-645. BRASILIA - DF
                                        (61) 30485685","Atividades Exercidas- APOSTAS EM LOTERIAS FEDERAIS- BENEFICIOS SOCIAIS, PAGAMENTO DE BOLSA FAMILIA, FGTS, INSS, SEGURO DESEMPREGO E ABONO  - CARTAO DE CREDITO CAIXA - CONTA CORRENTE E POUPANCA (PF E PJ)- CONTA POUPANCA CAIXA FACIL- EMPRESTIMOS (CONSIGNADO/CDC/CHEQUE ESPECIAL/GIRO CAIXA/CREDITO REAL FACIL)- PIX SAQUE/PIX TROCO- RECARGA CELULAR - RECEBIMENTO DE BOLETOS, CONTAS (AGUA, LUZ, TELEFONE E GAS), TRIBUTOS MUNICIPAIS, ESTADUAIS E FEDERAIS- SAQUE/DEPOSITO/TRANSFERENCIAS DE CLIENTES CAIXA, SAQUE DE CONTAS BNB"
155,"
                                        LOTERICA ARAPOANGA
                                    ", LD LOTERICA LTDA ME, 10.955.678/0001-81, 973, lotericald@gmail.com,"ST HABITACIONAL ARAPOANGA QD 07, 02 - PLANALTINA
                                        73368-576. BRASILIA - DF
                                        (0) 34672309","Atividades Exercidas- APOSTAS EM LOTERIAS FEDERAIS- BENEFICIOS SOCIAIS, PAGAMENTO DE BOLSA FAMILIA, FGTS, INSS, SEGURO DESEMPREGO E ABONO  - CARTAO DE CREDITO CAIXA - CONTA CORRENTE E POUPANCA (PF E PJ)- CONTA POUPANCA CAIXA FACIL- EMPRESTIMOS (CONSIGNADO/CDC/CHEQUE ESPECIAL/GIRO CAIXA/CREDITO REAL FACIL)- PIX SAQUE/PIX TROCO- RECARGA CELULAR - RECEBIMENTO DE BOLETOS, CONTAS (AGUA, LUZ, TELEFONE E GAS), TRIBUTOS MUNICIPAIS, ESTADUAIS E FEDERAIS- SAQUE/DEPOSITO/TRANSFERENCIAS DE CLIENTES CAIXA, SAQUE DE CONTAS BNB"
156,"
                                        LOTERICA COLORADO
                                    ", BILIO & ABREU LOTERICA COLORADO LTDA, 10.595.505/0001-08, 972, bilio@globo.com,"A COMERCIAL LT 24 LJ 01, 01 - SOBRADINHO
                                        73105-903. BRASILIA - DF
                                        (61) 34833022","Atividades Exercidas- APOSTAS EM LOTERIAS FEDERAIS- BENEFICIOS SOCIAIS, PAGAMENTO DE BOLSA FAMILIA, FGTS, INSS, SEGURO DESEMPREGO E ABONO  - CARTAO DE CREDITO CAIXA - CONTA CORRENTE E POUPANCA (PF E PJ)- CONTA POUPANCA CAIXA FACIL- EMPRESTIMOS (CONSIGNADO/CDC/CHEQUE ESPECIAL/GIRO CAIXA/CREDITO REAL FACIL)- PIX SAQUE/PIX TROCO- RECARGA CELULAR - RECEBIMENTO DE BOLETOS, CONTAS (AGUA, LUZ, TELEFONE E GAS), TRIBUTOS MUNICIPAIS, ESTADUAIS E FEDERAIS- SAQUE/DEPOSITO/TRANSFERENCIAS DE CLIENTES CAIXA, SAQUE DE CONTAS BNB"
157,"
                                        LOTERICA DA FE
                                    ", LOTERICA 3 IRMAOS LTDA, 10.771.217/0001-59, 674, lotericadafe@gmail.com,"RUA 51, 31 - VILA NOVA -SAO SEBASTIAO
                                        71693-154. BRASILIA - DF
                                        (61) 30522331","Atividades Exercidas- APOSTAS EM LOTERIAS FEDERAIS- BENEFICIOS SOCIAIS, PAGAMENTO DE BOLSA FAMILIA, FGTS, INSS, SEGURO DESEMPREGO E ABONO  - CARTAO DE CREDITO CAIXA - CONTA CORRENTE E POUPANCA (PF E PJ)- CONTA POUPANCA CAIXA FACIL- EMPRESTIMOS (CONSIGNADO/CDC/CHEQUE ESPECIAL/GIRO CAIXA/CREDITO REAL FACIL)- PIX SAQUE/PIX TROCO- RECARGA CELULAR - RECEBIMENTO DE BOLETOS, CONTAS (AGUA, LUZ, TELEFONE E GAS), TRIBUTOS MUNICIPAIS, ESTADUAIS E FEDERAIS- SAQUE/DEPOSITO/TRANSFERENCIAS DE CLIENTES CAIXA, SAQUE DE CONTAS BNB"
158,"
                                        LOTERICA DA SORTE
                                    ", CASA LOTERICA FRUTUOSO LTDA, 11.072.497/0001-70, 3494, antoniobjunior@gmail.com,"RUA COPAIBA LT 01 LJ L28 TERREO, SN - AGUAS CLARAS
                                        71919-540. BRASILIA - DF
                                        (61) 30218030","Atividades Exercidas- APOSTAS EM LOTERIAS FEDERAIS- BENEFICIOS SOCIAIS, PAGAMENTO DE BOLSA FAMILIA, FGTS, INSS, SEGURO DESEMPREGO E ABONO  - CONTA POUPANCA CAIXA FACIL- PIX SAQUE/PIX TROCO- RECARGA CELULAR - RECEBIMENTO DE BOLETOS, CONTAS (AGUA, LUZ, TELEFONE E GAS), TRIBUTOS MUNICIPAIS, ESTADUAIS E FEDERAIS- SAQUE/DEPOSITO/TRANSFERENCIAS DE CLIENTES CAIXA, SAQUE DE CONTAS BNB- SEGUROS DE VIDA E RESIDENCIAL, CAPITALIZACAO E CONSORCIO (VEICULOS/IMOVEIS)"
159,"
                                        LOTERICA LIGA DA SORTE
                                    ", LOTERICA LIGA DA SORTE LTDA, 10.660.768/0001-45, 1556, lotericaligadasorte@gmail.com,"QNB 13 LOTE 01 LOJA, 04 - TAGUATINGA
                                        72115-130. BRASILIA - DF
                                        (61) 981625150","Atividades Exercidas- APOSTAS EM LOTERIAS FEDERAIS- BENEFICIOS SOCIAIS, PAGAMENTO DE BOLSA FAMILIA, FGTS, INSS, SEGURO DESEMPREGO E ABONO  - CARTAO DE CREDITO CAIXA - CONTA CORRENTE E POUPANCA (PF E PJ)- CONTA POUPANCA CAIXA FACIL- EMPRESTIMOS (CONSIGNADO/CDC/CHEQUE ESPECIAL/GIRO CAIXA/CREDITO REAL FACIL)- PIX SAQUE/PIX TROCO- RECARGA CELULAR - RECEBIMENTO DE BOLETOS, CONTAS (AGUA, LUZ, TELEFONE E GAS), TRIBUTOS MUNICIPAIS, ESTADUAIS E FEDERAIS- SAQUE/DEPOSITO/TRANSFERENCIAS DE CLIENTES CAIXA, SAQUE DE CONTAS BNB"
160,"
                                        LOTERICA MEGA PREMIO
                                    ", CASA LOTERICA MEGA PREMIO LTDA, 10.774.113/0001-06, 973, batente2012@gmail.com,"ST RES LESTE QD 2 CJ D LOT 20 LJ C, 20 - PLANALTINA
                                        73350-204. BRASILIA - DF
                                        (61) 33895151","Atividades Exercidas- APOSTAS EM LOTERIAS FEDERAIS- BENEFICIOS SOCIAIS, PAGAMENTO DE BOLSA FAMILIA, FGTS, INSS, SEGURO DESEMPREGO E ABONO  - CONTA POUPANCA CAIXA FACIL- PIX SAQUE/PIX TROCO- RECARGA CELULAR - RECEBIMENTO DE BOLETOS, CONTAS (AGUA, LUZ, TELEFONE E GAS), TRIBUTOS MUNICIPAIS, ESTADUAIS E FEDERAIS- SAQUE/DEPOSITO/TRANSFERENCIAS DE CLIENTES CAIXA, SAQUE DE CONTAS BNB- SEGUROS DE VIDA E RESIDENCIAL, CAPITALIZACAO E CONSORCIO (VEICULOS/IMOVEIS)"
161,"
                                        LOTERICA PENINSULA DA SORTE LTDA
                                    ", LOTERICA PENINSULA DA SORTE LTDA, 10.545.294/0001-90, 3310, sobcasaslot@hotmail.com,"SHIN CA 01 LT A BL A PISO 2 LJ 103, 103 - LAGO NORTE
                                        71503-501. BRASILIA - DF
                                        (61) 34687969","Atividades Exercidas- APOSTAS EM LOTERIAS FEDERAIS- BENEFICIOS SOCIAIS, PAGAMENTO DE BOLSA FAMILIA, FGTS, INSS, SEGURO DESEMPREGO E ABONO  - CARTAO DE CREDITO CAIXA - CONTA CORRENTE E POUPANCA (PF E PJ)- CONTA POUPANCA CAIXA FACIL- EMPRESTIMOS (CONSIGNADO/CDC/CHEQUE ESPECIAL/GIRO CAIXA/CREDITO REAL FACIL)- PIX SAQUE/PIX TROCO- RECARGA CELULAR - RECEBIMENTO DE BOLETOS, CONTAS (AGUA, LUZ, TELEFONE E GAS), TRIBUTOS MUNICIPAIS, ESTADUAIS E FEDERAIS- SAQUE/DEPOSITO/TRANSFERENCIAS DE CLIENTES CAIXA, SAQUE DE CONTAS BNB"
162,"
                                        LOTERICA RODOVIARIA
                                    ", JJS PRODUTOS LOTERICOS LTDA, 12.142.073/0001-05, 2407, loteriarodoviaria@hotmail.com,"SMAS TRECHO 04 CONJ 6/5 LOJA, 01 - GUARA
                                        70610-635. BRASILIA - DF
                                        (61) 33614454","Atividades Exercidas- APOSTAS EM LOTERIAS FEDERAIS- BENEFICIOS SOCIAIS, PAGAMENTO DE BOLSA FAMILIA, FGTS, INSS, SEGURO DESEMPREGO E ABONO  - CARTAO DE CREDITO CAIXA - CONTA CORRENTE E POUPANCA (PF E PJ)- CONTA POUPANCA CAIXA FACIL- EMPRESTIMOS (CONSIGNADO/CDC/CHEQUE ESPECIAL/GIRO CAIXA/CREDITO REAL FACIL)- PIX SAQUE/PIX TROCO- RECARGA CELULAR - RECEBIMENTO DE BOLETOS, CONTAS (AGUA, LUZ, TELEFONE E GAS), TRIBUTOS MUNICIPAIS, ESTADUAIS E FEDERAIS- SAQUE/DEPOSITO/TRANSFERENCIAS DE CLIENTES CAIXA, SAQUE DE CONTAS BNB"
163,"
                                        LOTERICA SHOW DA SORTE
                                    ", LOTERICA SHOW DA SORTE LTDA, 10.544.352/0001-61, 4483, lotericashowdasorte@gmail.com,"Q QN 510 CONJUNTO 2 LOTE, 03 - SAMAMBAIA
                                        72312-402. BRASILIA - DF
                                        (61) 30474957","Atividades Exercidas- APOSTAS EM LOTERIAS FEDERAIS- BENEFICIOS SOCIAIS, PAGAMENTO DE BOLSA FAMILIA, FGTS, INSS, SEGURO DESEMPREGO E ABONO  - CARTAO DE CREDITO CAIXA - CONTA CORRENTE E POUPANCA (PF E PJ)- CONTA POUPANCA CAIXA FACIL- EMPRESTIMOS (CONSIGNADO/CDC/CHEQUE ESPECIAL/GIRO CAIXA/CREDITO REAL FACIL)- PIX SAQUE/PIX TROCO- RECARGA CELULAR - RECEBIMENTO DE BOLETOS, CONTAS (AGUA, LUZ, TELEFONE E GAS), TRIBUTOS MUNICIPAIS, ESTADUAIS E FEDERAIS- SAQUE/DEPOSITO/TRANSFERENCIAS DE CLIENTES CAIXA, SAQUE DE CONTAS BNB"
164,"
                                        SUPER LOTERIAS
                                    ", GUILHERME LOTERIAS LTDA ME, 11.260.547/0001-42, 2399, paiva.ronaldo09@gmail.com,"QS 03 RUA 420, LOTE - AREAL GUAS CLARAS
                                        71953-100. BRASILIA - DF
                                        (61) 991624728","Atividades Exercidas- APOSTAS EM LOTERIAS FEDERAIS- BENEFICIOS SOCIAIS, PAGAMENTO DE BOLSA FAMILIA, FGTS, INSS, SEGURO DESEMPREGO E ABONO  - CARTAO DE CREDITO CAIXA - CONTA CORRENTE E POUPANCA (PF E PJ)- CONTA POUPANCA CAIXA FACIL- EMPRESTIMOS (CONSIGNADO/CDC/CHEQUE ESPECIAL/GIRO CAIXA/CREDITO REAL FACIL)- PIX SAQUE/PIX TROCO- RECARGA CELULAR - RECEBIMENTO DE BOLETOS, CONTAS (AGUA, LUZ, TELEFONE E GAS), TRIBUTOS MUNICIPAIS, ESTADUAIS E FEDERAIS- SAQUE/DEPOSITO/TRANSFERENCIAS DE CLIENTES CAIXA, SAQUE DE CONTAS BNB"
165,"
                                        CASA LOTERICA MEGA SORTE
                                    ", HIROSHI HIDEKI LOTERIA MEGA SORTE LTDA, 15.386.171/0001-78, 2399, jwhmegasortecaixa@gmail.com,"QS 11 CONJ C CASA 07 LOJA, 01 - AGUAS CLARAS
                                        71979-180. BRASILIA - DF
                                        (61) 30472847","Atividades Exercidas- APOSTAS EM LOTERIAS FEDERAIS- BENEFICIOS SOCIAIS, PAGAMENTO DE BOLSA FAMILIA, FGTS, INSS, SEGURO DESEMPREGO E ABONO  - CONTA POUPANCA CAIXA FACIL- PIX SAQUE/PIX TROCO- RECARGA CELULAR - RECEBIMENTO DE BOLETOS, CONTAS (AGUA, LUZ, TELEFONE E GAS), TRIBUTOS MUNICIPAIS, ESTADUAIS E FEDERAIS- SAQUE/DEPOSITO/TRANSFERENCIAS DE CLIENTES CAIXA, SAQUE DE CONTAS BNB- SEGUROS DE VIDA E RESIDENCIAL, CAPITALIZACAO E CONSORCIO (VEICULOS/IMOVEIS)"
166,"
                                        CASA LOTERICA MEGA SORTE
                                    ", J VIEIRA LOTERIA MEGA SORTE, 15.416.047/0001-08, 4166, jvieira2312@gmail.com,"ST HAB SOL NASC TR 02 QD207 CJ A LT, 48 - CEILANDIA SUL-CEILANDIA
                                        72236-800. BRASILIA - DF
                                        (61) 34911491","Atividades Exercidas- APOSTAS EM LOTERIAS FEDERAIS- BENEFICIOS SOCIAIS, PAGAMENTO DE BOLSA FAMILIA, FGTS, INSS, SEGURO DESEMPREGO E ABONO  - CARTAO DE CREDITO CAIXA - CONTA CORRENTE E POUPANCA (PF E PJ)- CONTA POUPANCA CAIXA FACIL- EMPRESTIMOS (CONSIGNADO/CDC/CHEQUE ESPECIAL/GIRO CAIXA/CREDITO REAL FACIL)- PIX SAQUE/PIX TROCO- RECARGA CELULAR - RECEBIMENTO DE BOLETOS, CONTAS (AGUA, LUZ, TELEFONE E GAS), TRIBUTOS MUNICIPAIS, ESTADUAIS E FEDERAIS- SAQUE/DEPOSITO/TRANSFERENCIAS DE CLIENTES CAIXA, SAQUE DE CONTAS BNB"
167,"
                                        CIA DA SORTE
                                    ", LOTERIAS GAMP LTDA, 14.469.915/0001-55, 4167, sinaracasteloforte@gmail.com,"QN 204 CONJUNTO 02 LOTE 23, 01 - SAMAMBAIA NORTE
                                        72316-072. BRASILIA - DF
                                        (61) 34596903","Atividades Exercidas- APOSTAS EM LOTERIAS FEDERAIS- BENEFICIOS SOCIAIS, PAGAMENTO DE BOLSA FAMILIA, FGTS, INSS, SEGURO DESEMPREGO E ABONO  - CONTA POUPANCA CAIXA FACIL- PIX SAQUE/PIX TROCO- RECARGA CELULAR - RECEBIMENTO DE BOLETOS, CONTAS (AGUA, LUZ, TELEFONE E GAS), TRIBUTOS MUNICIPAIS, ESTADUAIS E FEDERAIS- SAQUE/DEPOSITO/TRANSFERENCIAS DE CLIENTES CAIXA, SAQUE DE CONTAS BNB- SEGUROS DE VIDA E RESIDENCIAL, CAPITALIZACAO E CONSORCIO (VEICULOS/IMOVEIS)"
168,"
                                        LOTERIA VIP
                                    ", LOTERICA PONTO DA SORTE LTDA - ME, 15.522.827/0001-32, 4462, lotericavipmall@gmail.com,"RUA 12 CHACARA 312A LOTE, 36 - SETOR HABITACIONAL VICENTE PIRES
                                        72007-730. BRASILIA - DF
                                        (61) 34356670","Atividades Exercidas- APOSTAS EM LOTERIAS FEDERAIS- BENEFICIOS SOCIAIS, PAGAMENTO DE BOLSA FAMILIA, FGTS, INSS, SEGURO DESEMPREGO E ABONO  - CARTAO DE CREDITO CAIXA - CONTA CORRENTE E POUPANCA (PF E PJ)- CONTA POUPANCA CAIXA FACIL- EMPRESTIMOS (CONSIGNADO/CDC/CHEQUE ESPECIAL/GIRO CAIXA/CREDITO REAL FACIL)- PIX SAQUE/PIX TROCO- RECARGA CELULAR - RECEBIMENTO DE BOLETOS, CONTAS (AGUA, LUZ, TELEFONE E GAS), TRIBUTOS MUNICIPAIS, ESTADUAIS E FEDERAIS- SAQUE/DEPOSITO/TRANSFERENCIAS DE CLIENTES CAIXA, SAQUE DE CONTAS BNB"
169,"
                                        LOTERICA AGITTUS
                                    ", LOTERICA CRISPAN LTDA, 14.601.222/0001-74, 1985, lotericaagittus@gmail.com,"QUADRA 308 LOTE 22 LOJA, 01 - RECANTO DAS EMAS
                                        72622-120. BRASILIA - DF
                                        (61) 34715184","Atividades Exercidas- APOSTAS EM LOTERIAS FEDERAIS- BENEFICIOS SOCIAIS, PAGAMENTO DE BOLSA FAMILIA, FGTS, INSS, SEGURO DESEMPREGO E ABONO  - CONTA POUPANCA CAIXA FACIL- PIX SAQUE/PIX TROCO- RECARGA CELULAR - RECEBIMENTO DE BOLETOS, CONTAS (AGUA, LUZ, TELEFONE E GAS), TRIBUTOS MUNICIPAIS, ESTADUAIS E FEDERAIS- SAQUE/DEPOSITO/TRANSFERENCIAS DE CLIENTES CAIXA, SAQUE DE CONTAS BNB- SEGUROS DE VIDA E RESIDENCIAL, CAPITALIZACAO E CONSORCIO (VEICULOS/IMOVEIS)"
170,"
                                        LOTERICA BSB MANIA
                                    ", LOTERICA BSB MANIA LTDA, 15.636.413/0001-34, 3494, tesourariabsbmania@admempreendimentos.com.br,"AV DAS ARAUCARIAS  LT 885 LOJA, 02 - AGUAS CLARAS
                                        71936-250. BRASILIA - DF
                                        (61) 35683145","Atividades Exercidas- APOSTAS EM LOTERIAS FEDERAIS- BENEFICIOS SOCIAIS, PAGAMENTO DE BOLSA FAMILIA, FGTS, INSS, SEGURO DESEMPREGO E ABONO  - CARTAO DE CREDITO CAIXA - CONTA CORRENTE E POUPANCA (PF E PJ)- CONTA POUPANCA CAIXA FACIL- EMPRESTIMOS (CONSIGNADO/CDC/CHEQUE ESPECIAL/GIRO CAIXA/CREDITO REAL FACIL)- FINANCIAMENTO HABITACIONAL (SBPE/FGTS)- PIX SAQUE/PIX TROCO- RECARGA CELULAR - RECEBIMENTO DE BOLETOS, CONTAS (AGUA, LUZ, TELEFONE E GAS), TRIBUTOS MUNICIPAIS, ESTADUAIS E FEDERAIS"
171,"
                                        LOTERICA CENTRAL 18
                                    ", LOTERICA N N PONTES LTDA, 15.416.844/0001-95, 4166, lotericacental18@gmail.com,"QNN 18 CONJUNTO B, 01 - CEILANDIA
                                        72220-182. BRASILIA - DF
                                        (61) 30341818","Atividades Exercidas- APOSTAS EM LOTERIAS FEDERAIS- BENEFICIOS SOCIAIS, PAGAMENTO DE BOLSA FAMILIA, FGTS, INSS, SEGURO DESEMPREGO E ABONO  - CARTAO DE CREDITO CAIXA - CONTA CORRENTE E POUPANCA (PF E PJ)- CONTA POUPANCA CAIXA FACIL- EMPRESTIMOS (CONSIGNADO/CDC/CHEQUE ESPECIAL/GIRO CAIXA/CREDITO REAL FACIL)- PIX SAQUE/PIX TROCO- RECARGA CELULAR - RECEBIMENTO DE BOLETOS, CONTAS (AGUA, LUZ, TELEFONE E GAS), TRIBUTOS MUNICIPAIS, ESTADUAIS E FEDERAIS- SAQUE/DEPOSITO/TRANSFERENCIAS DE CLIENTES CAIXA, SAQUE DE CONTAS BNB"
172,"
                                        LOTERICA GALERIA
                                    ", AGENCIA LOTERICA COMERCIAL NORTE LTDA, 15.378.743/0001-77, 8, loteriacomercialnorte@gmail.com,"SBS LOJA, 39 - ASA SUL
                                        70310-500. BRASILIA - DF
                                        (61) 33224416","Atividades Exercidas- APOSTAS EM LOTERIAS FEDERAIS- BENEFICIOS SOCIAIS, PAGAMENTO DE BOLSA FAMILIA, FGTS, INSS, SEGURO DESEMPREGO E ABONO  - CARTAO DE CREDITO CAIXA - CONTA CORRENTE E POUPANCA (PF E PJ)- CONTA POUPANCA CAIXA FACIL- EMPRESTIMOS (CONSIGNADO/CDC/CHEQUE ESPECIAL/GIRO CAIXA/CREDITO REAL FACIL)- PIX SAQUE/PIX TROCO- RECARGA CELULAR - RECEBIMENTO DE BOLETOS, CONTAS (AGUA, LUZ, TELEFONE E GAS), TRIBUTOS MUNICIPAIS, ESTADUAIS E FEDERAIS- SAQUE/DEPOSITO/TRANSFERENCIAS DE CLIENTES CAIXA, SAQUE DE CONTAS BNB"
173,"
                                        LOTERICA MERCADO NORTE
                                    ", AGENCIA LOTERICA MERCADO NORTE LTDA, 15.472.845/0001-57, 4462, lotericamercadonorte@gmail.com,"QNG AE 01 LT SN ST 04 LJ, 05 - TAGUATINGA NORTE
                                        72130-901. BRASILIA - DF
                                        (61) 33542747","Atividades Exercidas- APOSTAS EM LOTERIAS FEDERAIS- BENEFICIOS SOCIAIS, PAGAMENTO DE BOLSA FAMILIA, FGTS, INSS, SEGURO DESEMPREGO E ABONO  - CONTA POUPANCA CAIXA FACIL- PIX SAQUE/PIX TROCO- RECARGA CELULAR - RECEBIMENTO DE BOLETOS, CONTAS (AGUA, LUZ, TELEFONE E GAS), TRIBUTOS MUNICIPAIS, ESTADUAIS E FEDERAIS- SAQUE/DEPOSITO/TRANSFERENCIAS DE CLIENTES CAIXA, SAQUE DE CONTAS BNB- SEGUROS DE VIDA E RESIDENCIAL, CAPITALIZACAO E CONSORCIO (VEICULOS/IMOVEIS)"
174,"
                                        LOTERICA PONTO CERTO
                                    ", AGENCIA LOTERICA 4M LTDA, 15.378.382/0001-69, 2272, lotpcerto@gmail.com,"QNO 17  CONJUNTO I  LOTE 6 LOJA, 01 - CEILANDIA
                                        72260-779. BRASILIA - DF
                                        (61) 33752879","Atividades Exercidas- APOSTAS EM LOTERIAS FEDERAIS- BENEFICIOS SOCIAIS, PAGAMENTO DE BOLSA FAMILIA, FGTS, INSS, SEGURO DESEMPREGO E ABONO  - CARTAO DE CREDITO CAIXA - CONTA CORRENTE E POUPANCA (PF E PJ)- CONTA POUPANCA CAIXA FACIL- EMPRESTIMOS (CONSIGNADO/CDC/CHEQUE ESPECIAL/GIRO CAIXA/CREDITO REAL FACIL)- PIX SAQUE/PIX TROCO- RECARGA CELULAR - RECEBIMENTO DE BOLETOS, CONTAS (AGUA, LUZ, TELEFONE E GAS), TRIBUTOS MUNICIPAIS, ESTADUAIS E FEDERAIS- SAQUE/DEPOSITO/TRANSFERENCIAS DE CLIENTES CAIXA, SAQUE DE CONTAS BNB"
175,"
                                        LOTERICA PONTO CERTO
                                    ", LOTERICA FUZISSIMA LTDA, 15.378.212/0001-84, 1040, lotericamineira@gmail.com,"AV RECANTO DAS EMAS QD 109 LT 2C LJ, 01B - RECANTO DAS EMAS
                                        72602-100. BRASILIA - DF
                                        (61) 996480986","Atividades Exercidas- APOSTAS EM LOTERIAS FEDERAIS- BENEFICIOS SOCIAIS, PAGAMENTO DE BOLSA FAMILIA, FGTS, INSS, SEGURO DESEMPREGO E ABONO  - CARTAO DE CREDITO CAIXA - CONTA CORRENTE E POUPANCA (PF E PJ)- CONTA POUPANCA CAIXA FACIL- EMPRESTIMOS (CONSIGNADO/CDC/CHEQUE ESPECIAL/GIRO CAIXA/CREDITO REAL FACIL)- PIX SAQUE/PIX TROCO- RECARGA CELULAR - RECEBIMENTO DE BOLETOS, CONTAS (AGUA, LUZ, TELEFONE E GAS), TRIBUTOS MUNICIPAIS, ESTADUAIS E FEDERAIS- SAQUE/DEPOSITO/TRANSFERENCIAS DE CLIENTES CAIXA, SAQUE DE CONTAS BNB"
176,"
                                        LOTERICA QNQ
                                    ", GARCIA & ANDRADE LOTERIAS LTDA, 15.464.362/0001-00, 4166, wagnerloterias@gmail.com,"QNQ 05 CONJUNTO 01 LOTE, 03 - CEILANDIA
                                        72270-501. BRASILIA - DF
                                        (0) 92514700","Atividades Exercidas- APOSTAS EM LOTERIAS FEDERAIS- BENEFICIOS SOCIAIS, PAGAMENTO DE BOLSA FAMILIA, FGTS, INSS, SEGURO DESEMPREGO E ABONO  - CARTAO DE CREDITO CAIXA - CONTA CORRENTE E POUPANCA (PF E PJ)- CONTA POUPANCA CAIXA FACIL- EMPRESTIMOS (CONSIGNADO/CDC/CHEQUE ESPECIAL/GIRO CAIXA/CREDITO REAL FACIL)- PIX SAQUE/PIX TROCO- RECARGA CELULAR - RECEBIMENTO DE BOLETOS, CONTAS (AGUA, LUZ, TELEFONE E GAS), TRIBUTOS MUNICIPAIS, ESTADUAIS E FEDERAIS- SAQUE/DEPOSITO/TRANSFERENCIAS DE CLIENTES CAIXA, SAQUE DE CONTAS BNB"
177,"
                                        LOTERICA QUINA DE OURO
                                    ", AGENCIA LOTERICA QUINA DE OURO LTDA, 15.378.484/0001-84, 4166, lotericaquinadeouro@gmail.com,"EQNP 05/09 BLOCO G, 04 - CEILANDIA NORTE
                                        72240-527. BRASILIA - DF
                                        (61) 81470537","Atividades Exercidas- APOSTAS EM LOTERIAS FEDERAIS- BENEFICIOS SOCIAIS, PAGAMENTO DE BOLSA FAMILIA, FGTS, INSS, SEGURO DESEMPREGO E ABONO  - CONTA POUPANCA CAIXA FACIL- PIX SAQUE/PIX TROCO- RECARGA CELULAR - RECEBIMENTO DE BOLETOS, CONTAS (AGUA, LUZ, TELEFONE E GAS), TRIBUTOS MUNICIPAIS, ESTADUAIS E FEDERAIS- SAQUE/DEPOSITO/TRANSFERENCIAS DE CLIENTES CAIXA, SAQUE DE CONTAS BNB- SEGUROS DE VIDA E RESIDENCIAL, CAPITALIZACAO E CONSORCIO (VEICULOS/IMOVEIS)"
178,"
                                        LOTERICA SAMAMBAIA SHOPPING
                                    ", AGENCIA LOTERICA VEREDAS LTDA, 15.378.733/0001-31, 4483, lotericaveredas@gmail.com,"Q QN 122 CONJ 15 LOTE 5 S/N, S/N - SAMAMBAIA
                                        72304-116. BRASILIA - DF
                                        (61) 999173112","Atividades Exercidas- APOSTAS EM LOTERIAS FEDERAIS- BENEFICIOS SOCIAIS, PAGAMENTO DE BOLSA FAMILIA, FGTS, INSS, SEGURO DESEMPREGO E ABONO  - CARTAO DE CREDITO CAIXA - CONTA CORRENTE E POUPANCA (PF E PJ)- CONTA POUPANCA CAIXA FACIL- EMPRESTIMOS (CONSIGNADO/CDC/CHEQUE ESPECIAL/GIRO CAIXA/CREDITO REAL FACIL)- PIX SAQUE/PIX TROCO- RECARGA CELULAR - RECEBIMENTO DE BOLETOS, CONTAS (AGUA, LUZ, TELEFONE E GAS), TRIBUTOS MUNICIPAIS, ESTADUAIS E FEDERAIS- SAQUE/DEPOSITO/TRANSFERENCIAS DE CLIENTES CAIXA, SAQUE DE CONTAS BNB"
179,"
                                        RIACHO DA SORTE
                                    ", LOTERICA RIACHO DA SORTE LTDA, 14.504.311/0001-00, 3035, ,"QS 12 CONJUNTO 3A LOTE 05 LJ, 01 - RIACHO FUNDO I
                                        71825-203. BRASILIA - DF
                                        (61) 99810578","Atividades Exercidas- APOSTAS EM LOTERIAS FEDERAIS- BENEFICIOS SOCIAIS, PAGAMENTO DE BOLSA FAMILIA, FGTS, INSS, SEGURO DESEMPREGO E ABONO  - CARTAO DE CREDITO CAIXA - CONTA CORRENTE E POUPANCA (PF E PJ)- CONTA POUPANCA CAIXA FACIL- EMPRESTIMOS (CONSIGNADO/CDC/CHEQUE ESPECIAL/GIRO CAIXA/CREDITO REAL FACIL)- PIX SAQUE/PIX TROCO- RECARGA CELULAR - RECEBIMENTO DE BOLETOS, CONTAS (AGUA, LUZ, TELEFONE E GAS), TRIBUTOS MUNICIPAIS, ESTADUAIS E FEDERAIS- SAQUE/DEPOSITO/TRANSFERENCIAS DE CLIENTES CAIXA, SAQUE DE CONTAS BNB"
180,"
                                        CASA LOT FORTUNA
                                    ", CASA LOTERICA FORTUNA LTDA ME, 24.923.088/0001-81, 2272, lotericafortuna1551@gmail.com,"QNM 18 CONJ A LT 54 LJ, 01 - SETOR NORTE
                                        72210-180. BRASILIA - DF
                                        (61) 33723110","Atividades Exercidas- APOSTAS EM LOTERIAS FEDERAIS- BENEFICIOS SOCIAIS, PAGAMENTO DE BOLSA FAMILIA, FGTS, INSS, SEGURO DESEMPREGO E ABONO  - CARTAO DE CREDITO CAIXA - CONTA CORRENTE E POUPANCA (PF E PJ)- CONTA POUPANCA CAIXA FACIL- EMPRESTIMOS (CONSIGNADO/CDC/CHEQUE ESPECIAL/GIRO CAIXA/CREDITO REAL FACIL)- PIX SAQUE/PIX TROCO- RECARGA CELULAR - RECEBIMENTO DE BOLETOS, CONTAS (AGUA, LUZ, TELEFONE E GAS), TRIBUTOS MUNICIPAIS, ESTADUAIS E FEDERAIS- SAQUE/DEPOSITO/TRANSFERENCIAS DE CLIENTES CAIXA, SAQUE DE CONTAS BNB"
181,"
                                        FERCAL DA SORTE
                                    ", SRS LOTERIAS LTDA, 18.943.168/0001-04, 972, srsloterias@gmail.com,"DF 150 KM 12 QD 2 LT 60 LJ, 01 - FERCAL
                                        73150-100. BRASILIA - DF
                                        (61) 34541550","Atividades Exercidas- APOSTAS EM LOTERIAS FEDERAIS- BENEFICIOS SOCIAIS, PAGAMENTO DE BOLSA FAMILIA, FGTS, INSS, SEGURO DESEMPREGO E ABONO  - CARTAO DE CREDITO CAIXA - CONTA CORRENTE E POUPANCA (PF E PJ)- CONTA POUPANCA CAIXA FACIL- EMPRESTIMOS (CONSIGNADO/CDC/CHEQUE ESPECIAL/GIRO CAIXA/CREDITO REAL FACIL)- PIX SAQUE/PIX TROCO- RECARGA CELULAR - RECEBIMENTO DE BOLETOS, CONTAS (AGUA, LUZ, TELEFONE E GAS), TRIBUTOS MUNICIPAIS, ESTADUAIS E FEDERAIS- SAQUE/DEPOSITO/TRANSFERENCIAS DE CLIENTES CAIXA, SAQUE DE CONTAS BNB"
182,"
                                        LOTERIA DA PRACA
                                    ", LOTERIA DA PRACA LTDA ME, 19.621.554/0001-34, 3513, LOTERICADAPRACAPARANOA@GMAIL.COM,"AV PARANOA QD 13 CJ 05 LOTE 22, 02 - PARANOA
                                        71571-312. BRASILIA - DF
                                        (61) 992729686","Atividades Exercidas- APOSTAS EM LOTERIAS FEDERAIS- BENEFICIOS SOCIAIS, PAGAMENTO DE BOLSA FAMILIA, FGTS, INSS, SEGURO DESEMPREGO E ABONO  - CARTAO DE CREDITO CAIXA - CONTA CORRENTE E POUPANCA (PF E PJ)- CONTA POUPANCA CAIXA FACIL- EMPRESTIMOS (CONSIGNADO/CDC/CHEQUE ESPECIAL/GIRO CAIXA/CREDITO REAL FACIL)- FINANCIAMENTO HABITACIONAL (SBPE/FGTS)- PIX SAQUE/PIX TROCO- RECARGA CELULAR - RECEBIMENTO DE BOLETOS, CONTAS (AGUA, LUZ, TELEFONE E GAS), TRIBUTOS MUNICIPAIS, ESTADUAIS E FEDERAIS"
183,"
                                        LOTERIA FIQUE RICO
                                    ", LOTERIA FIQUE RICO LTDA, 24.891.806/0001-85, 630, rita.milair@yahoo.com.br,"ESTACAO RODOVIARIA DO PLANO PILOTO, 317 - ZONA CIVICO ADMINISTRATIVA
                                        70089-000. BRASILIA - DF
                                        (61) 33219712","Atividades Exercidas- APOSTAS EM LOTERIAS FEDERAIS- BENEFICIOS SOCIAIS, PAGAMENTO DE BOLSA FAMILIA, FGTS, INSS, SEGURO DESEMPREGO E ABONO  - CARTAO DE CREDITO CAIXA - CONTA CORRENTE E POUPANCA (PF E PJ)- CONTA POUPANCA CAIXA FACIL- EMPRESTIMOS (CONSIGNADO/CDC/CHEQUE ESPECIAL/GIRO CAIXA/CREDITO REAL FACIL)- PIX SAQUE/PIX TROCO- RECARGA CELULAR - RECEBIMENTO DE BOLETOS, CONTAS (AGUA, LUZ, TELEFONE E GAS), TRIBUTOS MUNICIPAIS, ESTADUAIS E FEDERAIS- SAQUE/DEPOSITO/TRANSFERENCIAS DE CLIENTES CAIXA, SAQUE DE CONTAS BNB"
184,"
                                        LOTERIA PE QUENTE
                                    ", LOTERIA PE QUENTE, 32.918.039/0001-89, 974, loteriapequente7@gmail.com,"SCLN 314 BL A LJ 35,  - ASA NORTE
                                        70767-510. BRASILIA - DF
                                        (61) 32741868","Atividades Exercidas- APOSTAS EM LOTERIAS FEDERAIS- BENEFICIOS SOCIAIS, PAGAMENTO DE BOLSA FAMILIA, FGTS, INSS, SEGURO DESEMPREGO E ABONO  - CARTAO DE CREDITO CAIXA - CONTA CORRENTE E POUPANCA (PF E PJ)- CONTA POUPANCA CAIXA FACIL- EMPRESTIMOS (CONSIGNADO/CDC/CHEQUE ESPECIAL/GIRO CAIXA/CREDITO REAL FACIL)- PIX SAQUE/PIX TROCO- RECARGA CELULAR - RECEBIMENTO DE BOLETOS, CONTAS (AGUA, LUZ, TELEFONE E GAS), TRIBUTOS MUNICIPAIS, ESTADUAIS E FEDERAIS- SAQUE/DEPOSITO/TRANSFERENCIAS DE CLIENTES CAIXA, SAQUE DE CONTAS BNB"
185,"
                                        LOTERIAS QI 15
                                    ", LOTERICA QI 15 LAGO SUL LTDA, 26.469.544/0001-90, 2893, fernando.loteria@hotmail.com,"SHIS CL QI 15 BLOCO E LOJA, 12 - LAGO SUL
                                        71135-570. BRASILIA - DF
                                        (61) 32480695","Atividades Exercidas- APOSTAS EM LOTERIAS FEDERAIS- BENEFICIOS SOCIAIS, PAGAMENTO DE BOLSA FAMILIA, FGTS, INSS, SEGURO DESEMPREGO E ABONO  - CARTAO DE CREDITO CAIXA - CONTA CORRENTE E POUPANCA (PF E PJ)- CONTA POUPANCA CAIXA FACIL- EMPRESTIMOS (CONSIGNADO/CDC/CHEQUE ESPECIAL/GIRO CAIXA/CREDITO REAL FACIL)- PIX SAQUE/PIX TROCO- RECARGA CELULAR - RECEBIMENTO DE BOLETOS, CONTAS (AGUA, LUZ, TELEFONE E GAS), TRIBUTOS MUNICIPAIS, ESTADUAIS E FEDERAIS- SAQUE/DEPOSITO/TRANSFERENCIAS DE CLIENTES CAIXA, SAQUE DE CONTAS BNB"
186,"
                                        LOTERICA CHANCE EXTRA
                                    ", CASA LOTERICA DEL LAGO LTDA, 19.450.172/0001-95, 2272, dellagoloteria@gmail.com,"QNM 5 CONJUNTO D LOTE 48 LOJA, 02 - CEILANDIA
                                        72215-054. BRASILIA - DF
                                        (61) 35624185","Atividades Exercidas- APOSTAS EM LOTERIAS FEDERAIS- BENEFICIOS SOCIAIS, PAGAMENTO DE BOLSA FAMILIA, FGTS, INSS, SEGURO DESEMPREGO E ABONO  - CARTAO DE CREDITO CAIXA - CONTA CORRENTE E POUPANCA (PF E PJ)- CONTA POUPANCA CAIXA FACIL- EMPRESTIMOS (CONSIGNADO/CDC/CHEQUE ESPECIAL/GIRO CAIXA/CREDITO REAL FACIL)- PIX SAQUE/PIX TROCO- RECARGA CELULAR - RECEBIMENTO DE BOLETOS, CONTAS (AGUA, LUZ, TELEFONE E GAS), TRIBUTOS MUNICIPAIS, ESTADUAIS E FEDERAIS- SAQUE/DEPOSITO/TRANSFERENCIAS DE CLIENTES CAIXA, SAQUE DE CONTAS BNB"
187,"
                                        LOTERICA DF425
                                    ", CASA LOTERICA ESTRELA DE DAVI DF425 LTDA, 19.633.236/0001-93, 4460, lotericadf425@gmail.com,"CD NV HORIZONTE RD DF425 KM 1, 4 - SOBRADINHO
                                        73092-906. BRASILIA - DF
                                        (61) 981104480","Atividades Exercidas- APOSTAS EM LOTERIAS FEDERAIS- BENEFICIOS SOCIAIS, PAGAMENTO DE BOLSA FAMILIA, FGTS, INSS, SEGURO DESEMPREGO E ABONO  - CARTAO DE CREDITO CAIXA - CONTA CORRENTE E POUPANCA (PF E PJ)- CONTA POUPANCA CAIXA FACIL- EMPRESTIMOS (CONSIGNADO/CDC/CHEQUE ESPECIAL/GIRO CAIXA/CREDITO REAL FACIL)- PIX SAQUE/PIX TROCO- RECARGA CELULAR - RECEBIMENTO DE BOLETOS, CONTAS (AGUA, LUZ, TELEFONE E GAS), TRIBUTOS MUNICIPAIS, ESTADUAIS E FEDERAIS- SAQUE/DEPOSITO/TRANSFERENCIAS DE CLIENTES CAIXA, SAQUE DE CONTAS BNB"
188,"
                                        LOTERICA JOGADA CERTA
                                    ", LOTERICA JOGADA CERTA EIRELI, 24.896.250/0001-10, 7, caixaqui.lot@gmail.com,"ST SHCN C L Q308 BLOCO E LJ 77 TERR,  - ASA NORTE
                                        70747-550. BRASILIA - DF
                                        (61) 84232323","Atividades Exercidas- APOSTAS EM LOTERIAS FEDERAIS- BENEFICIOS SOCIAIS, PAGAMENTO DE BOLSA FAMILIA, FGTS, INSS, SEGURO DESEMPREGO E ABONO  - CARTAO DE CREDITO CAIXA - CONTA CORRENTE E POUPANCA (PF E PJ)- CONTA POUPANCA CAIXA FACIL- EMPRESTIMOS (CONSIGNADO/CDC/CHEQUE ESPECIAL/GIRO CAIXA/CREDITO REAL FACIL)- FINANCIAMENTO HABITACIONAL (SBPE/FGTS)- PIX SAQUE/PIX TROCO- RECARGA CELULAR - RECEBIMENTO DE BOLETOS, CONTAS (AGUA, LUZ, TELEFONE E GAS), TRIBUTOS MUNICIPAIS, ESTADUAIS E FEDERAIS"
189,"
                                        LOTERICA LAYANNE
                                    ", LOTERICA LAYANNE LTD, 26.981.621/0001-97, 655, LOTERICALAYANNE@HOTMAIL.COM,"Q 1 LT 14 LJ D, SN - GAMA
                                        72410-100. BRASILIA - DF
                                        (61) 982314192","Atividades Exercidas- APOSTAS EM LOTERIAS FEDERAIS- BENEFICIOS SOCIAIS, PAGAMENTO DE BOLSA FAMILIA, FGTS, INSS, SEGURO DESEMPREGO E ABONO  - CARTAO DE CREDITO CAIXA - CONTA CORRENTE E POUPANCA (PF E PJ)- CONTA POUPANCA CAIXA FACIL- EMPRESTIMOS (CONSIGNADO/CDC/CHEQUE ESPECIAL/GIRO CAIXA/CREDITO REAL FACIL)- PIX SAQUE/PIX TROCO- RECARGA CELULAR - RECEBIMENTO DE BOLETOS, CONTAS (AGUA, LUZ, TELEFONE E GAS), TRIBUTOS MUNICIPAIS, ESTADUAIS E FEDERAIS- SAQUE/DEPOSITO/TRANSFERENCIAS DE CLIENTES CAIXA, SAQUE DE CONTAS BNB"
190,"
                                        LOTERICA MEGA SORTE
                                    ", AGENCIA LOTERICA DE DEUS ROCHA LTDA, 32.919.847/0001-60, 4462, raphaeldrocha@hotmail.com,"QNF 11 LOTE 20 LOJA, 02 - BRASILIA
                                        72125-610. BRASILIA - DF
                                        (61) 33520815","Atividades Exercidas- APOSTAS EM LOTERIAS FEDERAIS- BENEFICIOS SOCIAIS, PAGAMENTO DE BOLSA FAMILIA, FGTS, INSS, SEGURO DESEMPREGO E ABONO  - CARTAO DE CREDITO CAIXA - CONTA CORRENTE E POUPANCA (PF E PJ)- CONTA POUPANCA CAIXA FACIL- EMPRESTIMOS (CONSIGNADO/CDC/CHEQUE ESPECIAL/GIRO CAIXA/CREDITO REAL FACIL)- PIX SAQUE/PIX TROCO- RECARGA CELULAR - RECEBIMENTO DE BOLETOS, CONTAS (AGUA, LUZ, TELEFONE E GAS), TRIBUTOS MUNICIPAIS, ESTADUAIS E FEDERAIS- SAQUE/DEPOSITO/TRANSFERENCIAS DE CLIENTES CAIXA, SAQUE DE CONTAS BNB"
191,"
                                        LOTERICA PONTE ALTA
                                    ", AGENCIA LOTERICA PONTE ALTA LTDA, 15.725.459/0001-20, 655, lotericapontealta@gmail.com,"RODOVIA DF001 E DF480 CH ARCO IRIS, s/n - GAMA
                                        72426-001. BRASILIA - DF
                                        (61) 37975863","Atividades Exercidas- APOSTAS EM LOTERIAS FEDERAIS- BENEFICIOS SOCIAIS, PAGAMENTO DE BOLSA FAMILIA, FGTS, INSS, SEGURO DESEMPREGO E ABONO  - CARTAO DE CREDITO CAIXA - CONTA CORRENTE E POUPANCA (PF E PJ)- CONTA POUPANCA CAIXA FACIL- EMPRESTIMOS (CONSIGNADO/CDC/CHEQUE ESPECIAL/GIRO CAIXA/CREDITO REAL FACIL)- PIX SAQUE/PIX TROCO- RECARGA CELULAR - RECEBIMENTO DE BOLETOS, CONTAS (AGUA, LUZ, TELEFONE E GAS), TRIBUTOS MUNICIPAIS, ESTADUAIS E FEDERAIS- SAQUE/DEPOSITO/TRANSFERENCIAS DE CLIENTES CAIXA, SAQUE DE CONTAS BNB"
192,"
                                        LOTERICA VALE DA SORTE
                                    ", LOTERICA VALE DA SORTE LTDA, 17.999.391/0001-00, 973, eloijj@gmail.com,"CL RESIDENCIAL 33, 018 - VALE DO AMANHECER
                                        73370-033. BRASILIA - DF
                                        (61) 33891160","Atividades Exercidas- APOSTAS EM LOTERIAS FEDERAIS- BENEFICIOS SOCIAIS, PAGAMENTO DE BOLSA FAMILIA, FGTS, INSS, SEGURO DESEMPREGO E ABONO  - CARTAO DE CREDITO CAIXA - CONTA CORRENTE E POUPANCA (PF E PJ)- CONTA POUPANCA CAIXA FACIL- EMPRESTIMOS (CONSIGNADO/CDC/CHEQUE ESPECIAL/GIRO CAIXA/CREDITO REAL FACIL)- PIX SAQUE/PIX TROCO- RECARGA CELULAR - RECEBIMENTO DE BOLETOS, CONTAS (AGUA, LUZ, TELEFONE E GAS), TRIBUTOS MUNICIPAIS, ESTADUAIS E FEDERAIS- SAQUE/DEPOSITO/TRANSFERENCIAS DE CLIENTES CAIXA, SAQUE DE CONTAS BNB"
193,"
                                        MILIONARIA LOTERICA LTDA
                                    ", MILIONARIA LOTERICA LTDA, 32.930.216/0001-42, 1502, milionarialoterica@gmail.com,"ST SRES COMERCIO LOCAL BLOCO C LOTE, 11 - CRUZEIRO VELHO
                                        70640-535. BRASILIA - DF
                                        (61) 32341303","Atividades Exercidas- APOSTAS EM LOTERIAS FEDERAIS- BENEFICIOS SOCIAIS, PAGAMENTO DE BOLSA FAMILIA, FGTS, INSS, SEGURO DESEMPREGO E ABONO  - CARTAO DE CREDITO CAIXA - CONTA CORRENTE E POUPANCA (PF E PJ)- CONTA POUPANCA CAIXA FACIL- EMPRESTIMOS (CONSIGNADO/CDC/CHEQUE ESPECIAL/GIRO CAIXA/CREDITO REAL FACIL)- PIX SAQUE/PIX TROCO- RECARGA CELULAR - RECEBIMENTO DE BOLETOS, CONTAS (AGUA, LUZ, TELEFONE E GAS), TRIBUTOS MUNICIPAIS, ESTADUAIS E FEDERAIS- SAQUE/DEPOSITO/TRANSFERENCIAS DE CLIENTES CAIXA, SAQUE DE CONTAS BNB"
194,"
                                        SORTE CERTA LOTERIAS
                                    ", W RISTOFF LOTERIAS CAIXA LTDA, 18.950.578/0001-74, 3513, sortecertaparanoa@gmail.com,"AV PARANOA CONJ 24 LOTE 19, 02 - PARANOÁ
                                        71573-200. BRASILIA - DF
                                        (61) 996551696","Atividades Exercidas- APOSTAS EM LOTERIAS FEDERAIS- BENEFICIOS SOCIAIS, PAGAMENTO DE BOLSA FAMILIA, FGTS, INSS, SEGURO DESEMPREGO E ABONO  - CARTAO DE CREDITO CAIXA - CONTA CORRENTE E POUPANCA (PF E PJ)- CONTA POUPANCA CAIXA FACIL- EMPRESTIMOS (CONSIGNADO/CDC/CHEQUE ESPECIAL/GIRO CAIXA/CREDITO REAL FACIL)- PIX SAQUE/PIX TROCO- RECARGA CELULAR - RECEBIMENTO DE BOLETOS, CONTAS (AGUA, LUZ, TELEFONE E GAS), TRIBUTOS MUNICIPAIS, ESTADUAIS E FEDERAIS- SAQUE/DEPOSITO/TRANSFERENCIAS DE CLIENTES CAIXA, SAQUE DE CONTAS BNB"
195,"
                                        CASA LOTERICA COLINA DA SORTE LTDA
                                    ", COLINA DA SORTE, 39.423.373/0001-00, 972, vanessaolibsb@gmail.com,"COND NOVA DIGUINEIA II CONJUNTO N, 03 - NOVA COLINA SOBRADINHO
                                        73270-075. BRASILIA - DF
                                        (61) 99820812","Atividades Exercidas- APOSTAS EM LOTERIAS FEDERAIS- BENEFICIOS SOCIAIS, PAGAMENTO DE BOLSA FAMILIA, FGTS, INSS, SEGURO DESEMPREGO E ABONO  - CARTAO DE CREDITO CAIXA - CONTA CORRENTE E POUPANCA (PF E PJ)- CONTA POUPANCA CAIXA FACIL- EMPRESTIMOS (CONSIGNADO/CDC/CHEQUE ESPECIAL/GIRO CAIXA/CREDITO REAL FACIL)- PIX SAQUE/PIX TROCO- RECARGA CELULAR - RECEBIMENTO DE BOLETOS, CONTAS (AGUA, LUZ, TELEFONE E GAS), TRIBUTOS MUNICIPAIS, ESTADUAIS E FEDERAIS- SAQUE/DEPOSITO/TRANSFERENCIAS DE CLIENTES CAIXA, SAQUE DE CONTAS BNB"
196,"
                                        LOTERIA LAS VEGAS
                                    ", LOTERIA LAS VEGAS LTDA ME, 72.600.844/0001-84, 974, loterias.las.vegas@gmail.com,"SHCN CL QD 116 BL I LJ 51, 51 - ASA NORTE
                                        70773-590. BRASILIA - DF
                                        (61) 998501512","Atividades Exercidas- APOSTAS EM LOTERIAS FEDERAIS- BENEFICIOS SOCIAIS, PAGAMENTO DE BOLSA FAMILIA, FGTS, INSS, SEGURO DESEMPREGO E ABONO  - CARTAO DE CREDITO CAIXA - CONTA CORRENTE E POUPANCA (PF E PJ)- CONTA POUPANCA CAIXA FACIL- EMPRESTIMOS (CONSIGNADO/CDC/CHEQUE ESPECIAL/GIRO CAIXA/CREDITO REAL FACIL)- PIX SAQUE/PIX TROCO- RECARGA CELULAR - RECEBIMENTO DE BOLETOS, CONTAS (AGUA, LUZ, TELEFONE E GAS), TRIBUTOS MUNICIPAIS, ESTADUAIS E FEDERAIS- SAQUE/DEPOSITO/TRANSFERENCIAS DE CLIENTES CAIXA, SAQUE DE CONTAS BNB"
197,"
                                        LOTERIA TIO PATINHAS
                                    ", LOTERIA TIO PATINHAS LTDA, 33.513.169/0001-02, 972, lotericatiopatinhas@yahoo.com.br,"Q 08 CL 01 LJ 05,  - SOBRADINHO
                                        73006-005. BRASILIA - DF
                                        (61) 35916061","Atividades Exercidas- APOSTAS EM LOTERIAS FEDERAIS- BENEFICIOS SOCIAIS, PAGAMENTO DE BOLSA FAMILIA, FGTS, INSS, SEGURO DESEMPREGO E ABONO  - CARTAO DE CREDITO CAIXA - CONTA CORRENTE E POUPANCA (PF E PJ)- CONTA POUPANCA CAIXA FACIL- EMPRESTIMOS (CONSIGNADO/CDC/CHEQUE ESPECIAL/GIRO CAIXA/CREDITO REAL FACIL)- PIX SAQUE/PIX TROCO- RECARGA CELULAR - RECEBIMENTO DE BOLETOS, CONTAS (AGUA, LUZ, TELEFONE E GAS), TRIBUTOS MUNICIPAIS, ESTADUAIS E FEDERAIS- SAQUE/DEPOSITO/TRANSFERENCIAS DE CLIENTES CAIXA, SAQUE DE CONTAS BNB"
198,"
                                        LOTERIAS LAGO NORTE
                                    ", LOTERIAS LAGO NORTE, 37.988.094/0001-69, 3310, loterialagonorte@gmail.com,"SHIN QI 02 LJ 13 A/E, 13 - LAGO NORTE
                                        71510-600. BRASILIA - DF
                                        (61) 34685891","Atividades Exercidas- APOSTAS EM LOTERIAS FEDERAIS- BENEFICIOS SOCIAIS, PAGAMENTO DE BOLSA FAMILIA, FGTS, INSS, SEGURO DESEMPREGO E ABONO  - CARTAO DE CREDITO CAIXA - CONTA CORRENTE E POUPANCA (PF E PJ)- CONTA POUPANCA CAIXA FACIL- EMPRESTIMOS (CONSIGNADO/CDC/CHEQUE ESPECIAL/GIRO CAIXA/CREDITO REAL FACIL)- PIX SAQUE/PIX TROCO- RECARGA CELULAR - RECEBIMENTO DE BOLETOS, CONTAS (AGUA, LUZ, TELEFONE E GAS), TRIBUTOS MUNICIPAIS, ESTADUAIS E FEDERAIS- SAQUE/DEPOSITO/TRANSFERENCIAS DE CLIENTES CAIXA, SAQUE DE CONTAS BNB"
199,"
                                        LOTERICA ASA NORTE
                                    ", CASA LOTERICA ASA NORTE LTDA, 72.594.930/0001-21, 2403, lotericahg@gmail.com,"Q SHCN CL QUADRA 307 BLOCO E LOJA, 12 - ASA NORTE
                                        70746-550. BRASILIA - DF
                                        (61) 33476492","Atividades Exercidas- APOSTAS EM LOTERIAS FEDERAIS- BENEFICIOS SOCIAIS, PAGAMENTO DE BOLSA FAMILIA, FGTS, INSS, SEGURO DESEMPREGO E ABONO  - CONTA POUPANCA CAIXA FACIL- PIX SAQUE/PIX TROCO- RECARGA CELULAR - RECEBIMENTO DE BOLETOS, CONTAS (AGUA, LUZ, TELEFONE E GAS), TRIBUTOS MUNICIPAIS, ESTADUAIS E FEDERAIS- SAQUE/DEPOSITO/TRANSFERENCIAS DE CLIENTES CAIXA, SAQUE DE CONTAS BNB- SEGUROS DE VIDA E RESIDENCIAL, CAPITALIZACAO E CONSORCIO (VEICULOS/IMOVEIS)"
200,"
                                        LOTERICA ENCONTRO COM A SORTE
                                    ", CASA LOTERICA ENCONTRO COM A SORTE LTDA, 38.073.375/0001-54, 972, lotericaencontrocomasorte@gmail.com,"QUADRA 3 CL 12 LOJA 02, 02 - SOBRADINHO
                                        73031-130. BRASILIA - DF
                                        (61) 37033609","Atividades Exercidas- APOSTAS EM LOTERIAS FEDERAIS- BENEFICIOS SOCIAIS, PAGAMENTO DE BOLSA FAMILIA, FGTS, INSS, SEGURO DESEMPREGO E ABONO  - CARTAO DE CREDITO CAIXA - CONTA CORRENTE E POUPANCA (PF E PJ)- CONTA POUPANCA CAIXA FACIL- EMPRESTIMOS (CONSIGNADO/CDC/CHEQUE ESPECIAL/GIRO CAIXA/CREDITO REAL FACIL)- FINANCIAMENTO HABITACIONAL (SBPE/FGTS)- PIX SAQUE/PIX TROCO- RECARGA CELULAR - RECEBIMENTO DE BOLETOS, CONTAS (AGUA, LUZ, TELEFONE E GAS), TRIBUTOS MUNICIPAIS, ESTADUAIS E FEDERAIS"
201,"
                                        LOTERICA ITIQUIRA LTDA
                                    ", LOTERICA ITIQUIRA LTDA, 40.079.281/0001-34, 973, lotericaitiquiraltda@gmail.com,"ROD BR 020 KM, 20 - PLANALTINA
                                        73391-730. BRASILIA - DF
                                        (61) 982158888","Atividades Exercidas- APOSTAS EM LOTERIAS FEDERAIS- BENEFICIOS SOCIAIS, PAGAMENTO DE BOLSA FAMILIA, FGTS, INSS, SEGURO DESEMPREGO E ABONO  - CARTAO DE CREDITO CAIXA - CONTA CORRENTE E POUPANCA (PF E PJ)- CONTA POUPANCA CAIXA FACIL- EMPRESTIMOS (CONSIGNADO/CDC/CHEQUE ESPECIAL/GIRO CAIXA/CREDITO REAL FACIL)- FINANCIAMENTO HABITACIONAL (SBPE/FGTS)- PIX SAQUE/PIX TROCO- RECARGA CELULAR - RECEBIMENTO DE BOLETOS, CONTAS (AGUA, LUZ, TELEFONE E GAS), TRIBUTOS MUNICIPAIS, ESTADUAIS E FEDERAIS"
202,"
                                        LOTERICA MANGUEIRAL
                                    ", LOTERICA MANGUEIRAL LTDA, 38.052.411/0001-01, 2304, rancfonseca@hotmail.com,"A PRACA DE ATIVIDADES 4, SN - JARDINS MANGUEIRAL
                                        71699-603. BRASILIA - DF
                                        (61) 32347888","Atividades Exercidas- APOSTAS EM LOTERIAS FEDERAIS- BENEFICIOS SOCIAIS, PAGAMENTO DE BOLSA FAMILIA, FGTS, INSS, SEGURO DESEMPREGO E ABONO  - CARTAO DE CREDITO CAIXA - CONTA CORRENTE E POUPANCA (PF E PJ)- CONTA POUPANCA CAIXA FACIL- EMPRESTIMOS (CONSIGNADO/CDC/CHEQUE ESPECIAL/GIRO CAIXA/CREDITO REAL FACIL)- PIX SAQUE/PIX TROCO- RECARGA CELULAR - RECEBIMENTO DE BOLETOS, CONTAS (AGUA, LUZ, TELEFONE E GAS), TRIBUTOS MUNICIPAIS, ESTADUAIS E FEDERAIS- SAQUE/DEPOSITO/TRANSFERENCIAS DE CLIENTES CAIXA, SAQUE DE CONTAS BNB"
203,"
                                        LOTERICA MAPA DA MINA
                                    ", LOTCA E LOC PLANALTINA LTDA, 37.988.961/0001-66, 973, LENALIMALOTERICALEFER@HOTMAIL.COM,"AV INDEPENDENCIA, Q.64 LT 01 LJ 01,  - PLANALTINA
                                        73330-003. BRASILIA - DF
                                        (61) 984800506","Atividades Exercidas- APOSTAS EM LOTERIAS FEDERAIS- BENEFICIOS SOCIAIS, PAGAMENTO DE BOLSA FAMILIA, FGTS, INSS, SEGURO DESEMPREGO E ABONO  - CONTA POUPANCA CAIXA FACIL- PIX SAQUE/PIX TROCO- RECARGA CELULAR - RECEBIMENTO DE BOLETOS, CONTAS (AGUA, LUZ, TELEFONE E GAS), TRIBUTOS MUNICIPAIS, ESTADUAIS E FEDERAIS- SAQUE/DEPOSITO/TRANSFERENCIAS DE CLIENTES CAIXA, SAQUE DE CONTAS BNB- SEGUROS DE VIDA E RESIDENCIAL, CAPITALIZACAO E CONSORCIO (VEICULOS/IMOVEIS)"
204,"
                                        LOTERICA NOROESTE
                                    ", CASA LOTERICA SAO JOSE DE ANCHIETA LTDA, 40.146.908/0001-22, 974, casalotericanoroeste@hotmail.com,"SETOR SHCNW WQ 10/11 BL J, 04 - SETOR NOROESTE
                                        70686-650. BRASILIA - DF
                                        (61) 982314192","Atividades Exercidas- APOSTAS EM LOTERIAS FEDERAIS- BENEFICIOS SOCIAIS, PAGAMENTO DE BOLSA FAMILIA, FGTS, INSS, SEGURO DESEMPREGO E ABONO  - CARTAO DE CREDITO CAIXA - CONTA CORRENTE E POUPANCA (PF E PJ)- CONTA POUPANCA CAIXA FACIL- EMPRESTIMOS (CONSIGNADO/CDC/CHEQUE ESPECIAL/GIRO CAIXA/CREDITO REAL FACIL)- PIX SAQUE/PIX TROCO- RECARGA CELULAR - RECEBIMENTO DE BOLETOS, CONTAS (AGUA, LUZ, TELEFONE E GAS), TRIBUTOS MUNICIPAIS, ESTADUAIS E FEDERAIS- SAQUE/DEPOSITO/TRANSFERENCIAS DE CLIENTES CAIXA, SAQUE DE CONTAS BNB"
205,"
                                        LOTERICA PONTO FELIZ
                                    ", LOTERICA PONTO FELIZ LTDA, 37.965.211/0001-79, 3513, LOTERICAPONTOFELIZ@GMAIL.COM,"ROD DF 250 CENTRO DE R DE RADIO LT, 7 - ITAPOA
                                        73255-904. BRASILIA - DF
                                        (61) 982673431","Atividades Exercidas- APOSTAS EM LOTERIAS FEDERAIS- BENEFICIOS SOCIAIS, PAGAMENTO DE BOLSA FAMILIA, FGTS, INSS, SEGURO DESEMPREGO E ABONO  - CARTAO DE CREDITO CAIXA - CONTA CORRENTE E POUPANCA (PF E PJ)- CONTA POUPANCA CAIXA FACIL- EMPRESTIMOS (CONSIGNADO/CDC/CHEQUE ESPECIAL/GIRO CAIXA/CREDITO REAL FACIL)- PIX SAQUE/PIX TROCO- RECARGA CELULAR - RECEBIMENTO DE BOLETOS, CONTAS (AGUA, LUZ, TELEFONE E GAS), TRIBUTOS MUNICIPAIS, ESTADUAIS E FEDERAIS- SAQUE/DEPOSITO/TRANSFERENCIAS DE CLIENTES CAIXA, SAQUE DE CONTAS BNB"
206,"
                                        MARANGON LOTERIAS
                                    ", MARANGON LOTERIAS LTDA, 33.455.650/0001-80, 2399, marangonloterias@gmail.com,"CSA 02 LOTE 20 LOJA, 1B - SETOR SUL
                                        72001-970. BRASILIA - DF
                                        (61) 33511200","Atividades Exercidas- APOSTAS EM LOTERIAS FEDERAIS- BENEFICIOS SOCIAIS, PAGAMENTO DE BOLSA FAMILIA, FGTS, INSS, SEGURO DESEMPREGO E ABONO  - CONTA POUPANCA CAIXA FACIL- PIX SAQUE/PIX TROCO- RECARGA CELULAR - RECEBIMENTO DE BOLETOS, CONTAS (AGUA, LUZ, TELEFONE E GAS), TRIBUTOS MUNICIPAIS, ESTADUAIS E FEDERAIS- SAQUE/DEPOSITO/TRANSFERENCIAS DE CLIENTES CAIXA, SAQUE DE CONTAS BNB- SEGUROS DE VIDA E RESIDENCIAL, CAPITALIZACAO E CONSORCIO (VEICULOS/IMOVEIS)"
207,"
                                        POTE DE OURO LOTERIAS
                                    ", POTE DE OURO LOTERIAS LTDA, 72.653.504/0001-11, 1057, loteriapotedeouro@outlook.com,"SHCS CL 315 BLOCO D LOJA, 9 - ASA SUL
                                        70384-540. BRASILIA - DF
                                        (61) 33456969","Atividades Exercidas- APOSTAS EM LOTERIAS FEDERAIS- BENEFICIOS SOCIAIS, PAGAMENTO DE BOLSA FAMILIA, FGTS, INSS, SEGURO DESEMPREGO E ABONO  - CARTAO DE CREDITO CAIXA - CONTA CORRENTE E POUPANCA (PF E PJ)- CONTA POUPANCA CAIXA FACIL- EMPRESTIMOS (CONSIGNADO/CDC/CHEQUE ESPECIAL/GIRO CAIXA/CREDITO REAL FACIL)- PIX SAQUE/PIX TROCO- RECARGA CELULAR - RECEBIMENTO DE BOLETOS, CONTAS (AGUA, LUZ, TELEFONE E GAS), TRIBUTOS MUNICIPAIS, ESTADUAIS E FEDERAIS- SAQUE/DEPOSITO/TRANSFERENCIAS DE CLIENTES CAIXA, SAQUE DE CONTAS BNB"
208,"
                                        REAL LOTERIAS
                                    ", MM LOTERIAS LTDA, 72.597.875/0001-23, 1040, real.loterias1@gmail.com,"QD 37 CONJ A LT 02 LJ, 02 - BRAZLANDIA
                                        72737-000. BRASILIA - DF
                                        (61) 985405927","Atividades Exercidas- APOSTAS EM LOTERIAS FEDERAIS- BENEFICIOS SOCIAIS, PAGAMENTO DE BOLSA FAMILIA, FGTS, INSS, SEGURO DESEMPREGO E ABONO  - CARTAO DE CREDITO CAIXA - CONTA CORRENTE E POUPANCA (PF E PJ)- CONTA POUPANCA CAIXA FACIL- EMPRESTIMOS (CONSIGNADO/CDC/CHEQUE ESPECIAL/GIRO CAIXA/CREDITO REAL FACIL)- PIX SAQUE/PIX TROCO- RECARGA CELULAR - RECEBIMENTO DE BOLETOS, CONTAS (AGUA, LUZ, TELEFONE E GAS), TRIBUTOS MUNICIPAIS, ESTADUAIS E FEDERAIS- SAQUE/DEPOSITO/TRANSFERENCIAS DE CLIENTES CAIXA, SAQUE DE CONTAS BNB"
209,"
                                        REAL LOTERICA
                                    ", LOT RODOFERROVIARIA, 37.084.357/0001-05, 974, renatonine9@gmail.com,"SCLN 114 BL-C  LJ 10 E 14, 114 - ASA NORTE
                                        70764-530. BRASILIA - DF
                                        (61) 33479693","Atividades Exercidas- APOSTAS EM LOTERIAS FEDERAIS- BENEFICIOS SOCIAIS, PAGAMENTO DE BOLSA FAMILIA, FGTS, INSS, SEGURO DESEMPREGO E ABONO  - CARTAO DE CREDITO CAIXA - CONTA CORRENTE E POUPANCA (PF E PJ)- CONTA POUPANCA CAIXA FACIL- EMPRESTIMOS (CONSIGNADO/CDC/CHEQUE ESPECIAL/GIRO CAIXA/CREDITO REAL FACIL)- PIX SAQUE/PIX TROCO- RECARGA CELULAR - RECEBIMENTO DE BOLETOS, CONTAS (AGUA, LUZ, TELEFONE E GAS), TRIBUTOS MUNICIPAIS, ESTADUAIS E FEDERAIS- SAQUE/DEPOSITO/TRANSFERENCIAS DE CLIENTES CAIXA, SAQUE DE CONTAS BNB"
